year,CommonName,ScientificName,EPBCThreatStatus,occurrenceCount,taxon_class_ET,BodyMass_g_ET,size_bucket,diet_top,foraging_top,activity_top,diet_diversity,foraging_diversity,activity_diversity,omnivore_flag,eats_insects,eats_fruit,eats_fish,can_fly,can_swim,nocturnal,is_crepuscular,is_cathemeral,aerial_forager,forages_aerial,ground_forager,forages_ground,wetland_user,forages_underwater,forages_water_surf,forages_canopy,forages_understory,specialist_flag,generalist_flag,is_marsupial,is_bat,habitat_alpine_subalpine,habitat_coastal_marine,habitat_desert_arid_zone,habitat_forest_woodland,habitat_grassland_floodplain_savanna,habitat_rainforest_tropical,habitat_unknown,ibra_arnhem_coast,ibra_arnhem_plateau,ibra_australian_alps,ibra_avon_wheatbelt,ibra_ben_lomond,ibra_brigalow_belt_north,ibra_brigalow_belt_south,ibra_broken_hill_complex,ibra_burt_plain,ibra_cape_york_peninsula,ibra_carnarvon,ibra_central_kimberley,ibra_central_mackay_coast,ibra_central_ranges,ibra_channel_country,ibra_cobar_peneplain,ibra_coolgardie,ibra_coral_sea,ibra_daly_basin,ibra_dampierland,ibra_darling_riverine_plains,ibra_darwin_coastal,ibra_davenport_murchison_ranges,ibra_desert_uplands,ibra_einasleigh_uplands,ibra_esperance_plains,ibra_eyre_yorke_block,ibra_finke,ibra_flinders_lofty_block,ibra_furneaux,ibra_gascoyne,ibra_gawler,ibra_geraldton_sandplains,ibra_great_sandy_desert,ibra_great_victoria_desert,ibra_gulf_coastal,ibra_gulf_fall_and_uplands,ibra_gulf_plains,ibra_hampton,ibra_indian_tropical_islands,ibra_jarrah_forest,ibra_kanmantoo,ibra_king,ibra_macdonnell_ranges,ibra_mallee,ibra_mitchell_grass_downs,ibra_mount_isa_inlier,ibra_mulga_lands,ibra_murchison,ibra_murray_darling_depression,ibra_nsw_north_coast,ibra_nsw_south_western_slopes,ibra_nandewar,ibra_naracoorte_coastal_plain,ibra_new_england_tablelands,ibra_northern_kimberley,ibra_nullarbor,ibra_ord_victoria_plain,ibra_pacific_subtropical_islands,ibra_pilbara,ibra_pine_creek,ibra_riverina,ibra_simpson_strzelecki_dunefields,ibra_south_east_coastal_plain,ibra_south_east_corner,ibra_south_eastern_highlands,ibra_south_eastern_queensland,ibra_southern_volcanic_plain,ibra_stony_plains,ibra_sturt_plateau,ibra_subantarctic_islands,ibra_swan_coastal_plain,ibra_sydney_basin,ibra_tanami,ibra_tasmanian_central_highlands,ibra_tasmanian_northern_midlands,ibra_tasmanian_northern_slopes,ibra_tasmanian_south_east,ibra_tasmanian_southern_ranges,ibra_tasmanian_west,ibra_tiwi_cobourg,ibra_victoria_bonaparte,ibra_victorian_midlands,ibra_warren,ibra_wet_tropics,ibra_yalgoo
2022,"Rabbit, European Rabbit",Oryctolagus cuniculus,Present,5754,Mammalia,1832.22,Medium,other_plant,,nocturnal,1.0,0.0,1.0,False,False,False,False,False,False,True,False,False,False,False,False,False,False,False,False,False,False,False,False,False,False,True,True,True,True,True,True,True,False,False,True,False,True,True,True,True,True,True,True,False,True,False,True,True,True,False,False,False,False,True,False,True,True,False,True,False,True,True,False,True,True,True,True,False,False,False,False,False,True,True,False,True,False,True,False,True,True,True,True,True,False,True,True,False,False,False,False,False,False,True,False,True,True,True,True,True,True,False,False,True,True,False,True,True,True,True,True,False,False,False,True,True,True,False
2022,"Red Fox, Fox",Vulpes vulpes,Present,5485,Mammalia,5476.17,Medium,vert_warm,,nocturnal,1.0,0.0,2.0,False,False,False,False,False,False,True,True,False,False,False,False,False,False,False,False,False,False,False,False,False,False,True,True,True,True,True,True,True,False,False,True,True,False,True,True,False,False,False,True,False,True,False,False,True,True,False,False,False,True,False,False,False,False,True,True,True,True,True,False,True,True,False,False,False,False,False,True,False,True,True,False,False,True,True,False,True,False,True,True,True,True,True,True,False,False,False,False,False,False,True,False,True,True,True,True,True,True,False,False,True,True,False,False,False,False,False,False,False,False,False,True,True,True,False
2022,Koala,Phascolarctos cinereus,Present,4897,Mammalia,10250.0,Large,other_plant,,nocturnal,1.0,0.0,1.0,False,False,False,False,False,False,True,False,False,False,False,False,False,False,False,False,False,False,False,False,True,False,False,True,False,True,True,True,False,False,False,False,False,False,True,True,False,False,False,False,False,True,False,False,False,False,False,False,False,True,False,False,False,True,False,True,False,True,True,False,False,False,False,False,False,False,False,False,False,False,True,False,False,False,False,False,False,False,False,True,True,True,True,True,False,False,False,False,False,False,True,False,True,True,True,True,True,False,False,False,True,True,False,False,False,False,False,False,False,False,False,True,False,True,False
2022,Eastern Grey Kangaroo,Macropus giganteus,Present,3734,Mammalia,25875.0,Large,other_plant,,nocturnal,1.0,0.0,2.0,False,False,False,False,False,False,True,True,False,False,False,False,False,False,False,False,False,False,False,False,True,False,True,True,True,True,True,True,True,False,False,True,False,False,True,True,True,False,False,False,False,True,False,False,True,False,False,False,False,True,False,False,True,True,False,True,False,True,True,False,False,False,False,False,False,False,False,False,False,False,True,False,False,False,True,False,True,False,True,True,True,True,True,True,False,False,False,False,False,False,True,False,True,True,True,True,True,False,False,False,False,True,False,False,False,False,True,False,False,False,False,True,False,True,False
2022,Swamp Wallaby,Wallabia bicolor,Present,3199,Mammalia,15000.0,Large,other_plant,,nocturnal,1.0,0.0,1.0,False,False,False,False,False,False,True,False,False,False,False,False,False,False,False,False,False,False,False,False,True,False,True,True,False,True,True,True,False,False,False,True,False,False,True,True,False,False,False,False,False,True,False,False,False,False,False,False,False,True,False,False,False,True,False,False,False,True,True,False,False,False,False,False,False,False,False,False,False,False,True,False,False,False,False,False,False,False,True,True,True,True,True,True,False,False,False,False,False,False,True,False,True,True,True,True,True,False,False,False,False,True,False,False,False,False,False,False,False,False,False,True,False,True,False
2022,Short-beaked Echidna,Tachyglossus aculeatus,Present,2894,Mammalia,3025.0,Medium,invertebrates,,nocturnal,1.0,0.0,2.0,False,True,False,False,False,False,True,True,False,False,False,False,False,False,False,False,False,False,False,False,False,False,True,True,True,True,True,True,True,False,False,True,True,True,True,True,True,False,True,True,False,True,False,True,True,False,False,False,True,True,False,False,False,True,False,True,True,True,True,False,True,True,False,False,False,False,False,False,False,True,True,True,False,True,True,False,True,False,True,True,True,True,True,True,False,False,False,False,False,False,True,False,True,True,True,True,True,True,False,False,True,True,False,True,True,True,True,True,False,False,False,True,False,True,True
2022,Western Grey Kangaroo,Macropus fuliginosus,Present,2280,Mammalia,22000.0,Large,other_plant,,nocturnal,1.0,0.0,2.0,False,False,False,False,False,False,True,True,False,False,False,False,False,False,False,False,False,False,False,False,True,False,False,True,True,True,True,False,True,False,False,False,True,False,False,False,False,False,False,False,False,False,False,False,False,False,False,False,False,False,False,False,False,False,True,True,False,True,False,False,True,True,False,True,False,False,False,False,False,True,True,False,False,False,False,False,False,False,True,False,False,False,True,False,False,False,False,False,False,False,True,False,False,False,False,False,False,False,False,False,True,False,False,False,False,False,False,False,False,False,False,True,True,False,False
2022,"Bare-nosed Wombat, Common Wombat",Vombatus ursinus,Present,1856,Mammalia,26000.0,Large,other_plant,,nocturnal,1.0,0.0,1.0,False,False,False,False,False,False,True,False,False,False,False,False,False,False,False,False,False,False,False,False,True,False,True,True,False,True,True,False,False,False,False,True,False,False,False,True,False,False,False,False,False,False,False,False,False,False,False,False,False,False,False,False,False,False,False,False,False,False,True,False,False,False,False,False,False,False,False,False,False,False,False,False,False,False,False,False,False,False,True,False,True,False,True,True,False,False,False,False,False,False,True,False,True,True,True,False,True,False,False,False,False,True,False,True,False,True,True,True,True,False,False,True,False,False,False
2022,Platypus,Ornithorhynchus anatinus,Present,1337,Mammalia,1484.25,Medium,invertebrates,,nocturnal,1.0,0.0,3.0,False,True,False,False,False,True,True,True,True,False,False,False,False,False,False,False,False,False,False,False,False,False,True,True,False,True,True,True,False,False,False,True,False,True,True,True,False,False,False,False,False,True,False,False,False,False,False,False,False,True,False,False,False,True,False,False,False,True,True,False,False,False,False,False,False,False,False,False,False,False,False,True,False,False,False,False,False,False,False,True,True,True,True,True,False,False,False,False,False,False,True,False,True,True,True,True,True,False,False,False,False,True,False,True,True,True,True,True,False,False,False,True,False,True,False
2022,Southern Long-nosed Bandicoot,Perameles nasuta,Present,1267,Mammalia,975.0,Small,invertebrates,,nocturnal,1.0,0.0,1.0,False,True,False,False,False,False,True,False,False,False,False,False,False,False,False,False,False,False,False,False,True,False,True,True,False,True,True,True,False,False,False,True,False,False,False,True,False,False,False,False,False,True,False,False,False,False,False,False,False,False,False,False,False,False,False,False,False,False,True,False,False,False,False,False,False,False,False,False,False,False,False,False,False,False,False,False,False,False,False,True,False,False,False,False,False,False,False,False,False,False,False,False,True,True,True,True,False,False,False,False,False,True,False,False,False,False,False,False,False,False,False,False,False,True,False
2022,Greater Bilby,Macrotis lagotis,Vulnerable,1120,Mammalia,1350.0,Medium,invertebrates,,nocturnal,1.0,0.0,1.0,False,True,False,False,False,False,True,False,False,False,False,False,False,False,False,False,False,False,False,False,False,False,False,False,False,False,True,False,False,False,False,False,False,False,False,True,False,False,False,False,False,False,False,False,False,False,False,False,False,False,False,False,False,False,False,False,False,False,False,False,False,False,False,False,False,False,False,False,False,False,False,False,False,False,False,False,False,False,True,False,False,False,False,False,False,False,False,False,False,False,False,False,False,False,False,False,False,False,False,False,False,False,False,False,False,False,False,False,False,False,False,False,False,False,False
2022,Gang-gang Cockatoo,Callocephalon fimbriatum,Endangered,1025,Aves,256.0,Small,fruit,understory,non-nocturnal,2.0,3.0,0.0,False,False,True,False,True,False,False,False,False,False,False,False,False,False,False,False,True,True,False,True,False,False,True,True,False,True,True,False,False,False,False,True,False,False,False,False,False,False,False,False,False,False,False,False,True,False,False,False,False,False,False,False,False,False,False,False,False,False,True,False,False,False,False,False,False,False,False,False,False,False,False,False,False,False,False,False,False,False,True,False,True,False,True,False,False,False,False,False,False,False,True,False,True,True,True,False,True,False,False,False,False,True,False,False,False,False,False,False,False,False,False,True,False,False,False
2022,Agile Antechinus,Antechinus agilis,Present,690,Mammalia,22.13,Small,invertebrates,,nocturnal,1.0,0.0,1.0,False,True,False,False,False,False,True,False,False,False,False,False,False,False,False,False,False,False,False,False,True,False,True,True,False,True,False,False,False,False,False,True,False,False,False,False,False,False,False,False,False,False,False,False,False,False,False,False,False,False,False,False,False,False,False,False,False,False,True,False,False,False,False,False,False,False,False,False,False,False,False,False,False,False,False,False,False,False,False,False,False,False,False,False,False,False,False,False,False,False,False,False,True,True,True,False,True,False,False,False,False,True,False,False,False,False,False,False,False,False,False,True,False,False,False
2022,Bush Stone-curlew,Burhinus grallarius,Present,671,Aves,648.07,Small,invertebrates,ground,non-nocturnal,2.0,1.0,0.0,False,True,False,False,True,False,False,False,False,False,False,True,True,False,False,False,False,False,False,False,False,False,False,True,True,True,True,True,True,False,False,False,False,False,True,False,False,False,True,False,False,True,False,False,False,False,False,True,False,True,True,False,False,True,False,True,False,False,False,False,False,False,False,False,False,False,False,False,False,True,True,False,False,False,False,False,False,False,True,True,True,False,False,False,True,False,False,False,False,True,True,False,False,False,True,True,True,False,False,False,False,True,False,False,False,False,False,False,False,False,False,False,False,True,False
2022,Greater Glider (southern and central),Petauroides volans,Endangered,646,Mammalia,1300.0,Medium,other_plant,,nocturnal,1.0,0.0,1.0,False,False,False,False,False,False,True,False,False,False,False,False,False,False,False,False,False,False,False,False,False,False,True,True,False,True,True,True,False,False,False,True,False,False,False,True,False,False,False,False,False,False,False,False,False,False,False,False,False,False,False,False,False,True,False,False,False,False,False,False,False,False,False,False,False,False,False,False,False,False,False,False,False,False,False,False,False,False,False,True,True,False,False,True,False,False,False,False,False,False,False,False,True,True,True,True,False,False,False,False,False,True,False,False,False,False,False,False,False,False,False,True,False,True,False
2022,Yellow-footed Antechinus,Antechinus flavipes,Present,620,Mammalia,45.0,Small,invertebrates,,nocturnal,1.0,0.0,1.0,False,True,False,False,False,False,True,False,False,False,False,False,False,False,False,False,False,False,False,False,True,False,False,True,False,True,True,True,False,False,False,False,False,False,False,True,False,False,False,False,False,False,False,False,False,False,False,False,False,False,False,False,False,False,False,False,False,True,False,False,False,False,False,False,False,False,False,False,False,True,True,False,False,False,False,False,False,False,True,False,True,True,False,True,False,False,False,False,False,False,True,False,True,False,True,True,False,False,False,False,True,True,False,False,False,False,False,False,False,False,False,True,True,True,False
2022,Rainbow Bee-eater,Merops ornatus,Present,604,Aves,29.5,Small,invertebrates,understory,non-nocturnal,1.0,2.0,0.0,False,True,False,False,True,False,False,False,False,False,False,False,False,False,False,False,False,True,False,False,False,False,False,True,True,True,True,True,True,False,False,False,False,False,True,True,False,False,True,True,True,True,False,True,True,False,False,True,True,True,True,True,False,True,False,True,False,True,False,False,True,True,True,False,True,True,True,False,False,True,True,False,True,False,True,True,True,False,True,True,True,True,False,False,True,False,False,False,False,True,True,False,False,True,True,True,True,False,False,False,True,True,False,False,False,False,False,False,False,True,True,True,True,True,False
2022,White-bellied Sea-Eagle,Haliaeetus leucogaster,Present,593,Aves,2827.01,Medium,vert_warm,water_surface,non-nocturnal,1.0,3.0,0.0,False,False,False,False,True,True,False,False,False,False,False,False,True,True,True,True,False,False,False,True,False,False,True,True,True,True,True,True,True,False,True,False,False,False,True,True,False,False,True,False,False,True,False,False,False,False,False,True,True,True,True,False,False,True,True,True,False,True,True,False,False,True,False,False,False,False,True,False,False,False,True,False,False,False,False,True,False,False,True,True,True,True,True,True,True,False,True,False,True,True,True,False,True,True,True,True,True,False,False,False,True,True,False,False,False,False,True,False,True,False,True,True,False,True,False
2022,Glossy Black-Cockatoo,Calyptorhynchus lathami,Present,586,Aves,437.0,Small,seed,mid_high,non-nocturnal,1.0,2.0,0.0,False,False,False,False,True,False,False,False,False,False,False,False,False,False,False,False,True,False,False,False,False,False,False,True,False,True,True,False,False,False,False,False,False,False,False,True,False,False,False,False,False,False,False,False,False,False,False,False,False,False,False,False,False,False,False,False,False,False,False,False,False,False,False,False,False,False,False,False,False,False,True,False,False,False,False,False,False,False,False,True,True,False,False,True,False,False,False,False,False,False,False,False,True,True,True,True,False,False,False,False,False,True,False,False,False,False,False,False,False,False,False,False,False,False,False
2022,Burrowing Bettong,Bettongia lesueur,Present,577,Mammalia,1500.0,Medium,other_plant,,nocturnal,2.0,0.0,1.0,False,False,False,False,False,False,True,False,False,False,False,False,False,False,False,False,False,False,False,False,True,False,False,False,False,False,True,False,False,False,False,False,False,False,False,False,False,False,False,False,False,False,False,False,False,False,False,False,False,False,False,False,False,False,False,False,False,False,False,False,False,False,False,False,False,False,False,False,False,False,False,False,False,False,False,False,False,False,True,False,False,False,False,False,False,False,False,False,False,False,False,False,False,False,False,False,False,False,False,False,False,False,False,False,False,False,False,False,False,False,False,False,False,False,False
2022,Grey-headed Flying-fox,Pteropus poliocephalus,Vulnerable,547,Mammalia,749.91,Small,fruit,,nocturnal,1.0,0.0,1.0,False,False,True,False,True,False,True,False,False,False,False,False,False,False,False,False,False,False,False,False,False,True,False,True,False,True,True,True,False,False,False,False,False,False,False,True,False,False,False,False,False,False,False,False,False,False,False,False,False,False,False,False,False,False,False,True,False,True,False,False,False,False,False,False,False,False,False,False,False,False,True,False,False,False,False,False,False,False,False,True,True,True,True,False,False,False,False,False,False,False,True,False,True,True,True,True,True,False,False,False,False,True,False,False,False,False,False,False,False,False,False,True,False,True,False
2022,Yellow-bellied Glider,Petaurus australis,Present,478,Mammalia,575.0,Small,invertebrates,,nocturnal,2.0,0.0,1.0,True,True,False,False,False,False,True,False,False,False,False,False,False,False,False,False,False,False,False,False,True,False,True,False,False,True,False,True,False,False,False,True,False,False,False,False,False,False,False,False,False,False,False,False,False,False,False,False,False,False,False,False,False,False,False,False,False,False,False,False,False,False,False,False,False,False,False,False,False,False,False,False,False,False,False,False,False,False,False,True,False,False,False,True,False,False,False,False,False,False,False,False,False,True,True,True,False,False,False,False,False,True,False,False,False,False,False,False,False,False,False,False,False,True,False
2022,Brown Treecreeper,Climacteris picumnus,Present,437,Aves,28.94,Small,invertebrates,ground,non-nocturnal,1.0,3.0,0.0,False,True,False,False,True,False,False,False,False,False,False,True,True,False,False,False,False,True,False,True,False,False,False,True,True,True,True,False,True,False,False,False,False,False,False,True,False,False,False,False,False,False,False,True,True,False,False,False,False,True,False,False,True,True,False,True,False,True,False,False,False,False,False,False,False,False,False,False,False,False,True,False,False,False,True,False,True,False,True,True,True,True,True,True,False,False,False,False,False,False,True,False,False,True,True,True,True,False,False,False,False,True,False,False,False,False,False,False,False,False,False,True,False,False,False
2022,Flame Robin,Petroica phoenicea,Present,414,Aves,13.0,Small,invertebrates,ground,non-nocturnal,1.0,1.0,0.0,False,True,False,False,True,False,False,False,False,False,False,True,True,False,False,False,False,False,True,False,False,False,True,True,False,True,True,False,False,False,False,True,False,True,False,False,False,False,False,False,False,False,False,False,False,False,False,False,False,False,False,False,False,False,False,False,False,False,True,False,False,False,False,False,False,False,False,False,False,False,False,True,False,False,False,False,False,False,True,True,True,False,True,True,False,False,False,False,False,False,True,False,True,True,True,False,True,False,False,False,False,True,False,True,False,True,True,True,True,False,False,True,False,False,False
2022,Pied Oystercatcher,Haematopus longirostris,Present,397,Aves,613.88,Small,invertebrates,ground,non-nocturnal,1.0,1.0,0.0,False,True,False,False,True,False,False,False,False,False,False,True,True,False,False,False,False,False,True,False,False,False,True,True,True,True,True,True,False,False,False,False,False,False,False,False,False,False,True,True,False,True,False,False,False,False,False,False,True,False,True,False,False,False,True,True,False,False,True,False,False,False,False,False,False,False,False,False,False,False,True,True,False,False,False,False,False,False,True,True,False,False,True,False,False,False,False,False,False,False,False,False,True,True,False,True,True,False,False,False,True,True,False,False,True,False,True,True,True,False,False,False,True,True,False
2022,Australian Shelduck,Tadorna tadornoides,Present,396,Aves,1418.68,Medium,invertebrates,water_surface,non-nocturnal,2.0,2.0,0.0,True,True,False,False,True,True,False,False,False,False,False,True,True,True,False,True,False,False,False,False,False,False,False,True,False,True,True,False,True,False,False,False,True,False,False,False,False,False,False,False,False,False,False,False,True,False,False,False,False,False,False,False,False,False,False,True,False,True,True,False,True,True,False,False,False,False,False,False,False,True,True,True,False,False,False,False,False,True,True,False,True,False,True,False,False,False,False,False,False,False,True,False,True,True,True,False,True,False,False,False,True,True,False,False,True,True,True,False,False,False,False,True,True,False,False
2022,Southern Brown Bandicoot,Isoodon obesulus,Present,368,Mammalia,775.0,Small,invertebrates,,nocturnal,1.0,0.0,1.0,False,True,False,False,False,False,True,False,False,False,False,False,False,False,False,False,False,False,False,False,True,False,False,True,True,True,False,False,False,False,False,False,False,False,False,False,False,False,False,False,False,False,False,False,False,False,False,False,False,False,False,False,False,False,False,False,False,True,True,False,False,False,False,False,False,False,False,False,False,True,True,True,False,False,False,False,False,False,False,False,False,False,False,False,False,False,False,False,False,False,False,True,True,True,True,False,False,False,False,False,True,True,False,False,True,True,True,False,False,False,False,False,True,False,False
2022,Apostlebird,Struthidea cinerea,Present,366,Aves,132.0,Small,invertebrates,ground,non-nocturnal,2.0,1.0,0.0,True,True,False,False,True,False,False,False,False,False,False,True,True,False,False,False,False,False,False,False,False,False,False,True,True,True,True,True,True,False,False,False,False,False,True,True,True,False,False,False,False,False,False,False,True,False,False,True,False,True,False,False,True,True,False,True,False,True,False,False,False,False,False,False,False,False,True,False,False,False,False,False,False,False,True,False,True,False,True,False,True,True,False,True,False,False,True,False,False,False,True,False,False,False,False,True,False,False,True,False,False,True,False,False,False,False,False,False,False,False,False,False,False,True,False
2022,Red-tailed Black-Cockatoo,Calyptorhynchus banksii,Present,353,Aves,721.9,Small,fruit,ground,non-nocturnal,2.0,1.0,0.0,False,False,True,False,True,False,False,False,False,False,False,True,True,False,False,False,False,False,False,False,False,False,False,True,True,True,True,True,True,True,False,False,True,False,True,True,False,True,True,False,True,True,False,True,False,False,False,True,True,True,True,True,True,True,False,False,True,False,False,False,False,True,False,False,False,True,True,False,False,True,False,False,True,False,True,False,True,False,True,False,False,False,True,False,True,False,False,False,False,True,False,False,False,False,False,True,False,False,True,False,True,False,False,False,False,False,False,False,False,False,True,True,True,True,False
2022,Hardhead,Aythya australis,Present,340,Aves,869.41,Small,other_plant,water_surface,non-nocturnal,1.0,2.0,0.0,False,False,False,False,True,True,False,False,False,False,False,False,False,True,True,True,False,False,False,False,False,False,False,True,True,True,True,True,True,False,False,False,False,False,True,True,False,False,False,False,False,False,False,True,True,False,False,False,False,True,False,False,False,True,False,True,False,True,False,False,False,False,False,False,False,False,False,False,False,False,False,False,True,False,True,False,False,False,True,False,True,False,False,True,False,False,False,False,False,False,True,False,True,True,True,True,True,False,False,False,True,True,False,False,False,False,False,False,False,False,False,True,False,True,False
2022,Grey-crowned Babbler,Pomatostomus temporalis,Present,326,Aves,74.99,Small,invertebrates,ground,non-nocturnal,1.0,2.0,0.0,False,True,False,False,True,False,False,False,False,False,False,True,True,False,False,False,False,True,False,False,False,False,False,True,True,True,True,True,True,False,False,False,False,False,True,True,False,False,True,False,False,False,False,True,True,False,False,True,True,True,True,False,False,True,False,True,False,False,False,False,False,False,False,False,False,False,True,False,False,False,False,False,True,False,True,True,True,False,True,True,True,True,False,False,False,False,False,False,False,True,True,False,False,False,True,True,False,False,False,False,False,True,False,False,False,False,False,False,False,False,True,False,False,True,False
2022,Eastern Pygmy-possum,Cercartetus nanus,Present,323,Mammalia,24.0,Small,invertebrates,,nocturnal,0.0,0.0,1.0,False,False,False,False,False,False,True,False,False,False,False,False,False,False,False,False,False,False,False,False,True,False,True,True,False,True,False,False,False,False,False,True,False,False,False,False,False,False,False,False,False,False,False,False,False,False,False,False,False,False,False,False,False,False,False,False,False,False,False,False,False,False,False,False,False,False,False,False,False,False,False,False,False,False,False,False,False,False,False,False,False,False,False,False,False,False,False,False,False,False,False,False,True,True,True,False,False,False,False,False,False,True,False,False,False,False,True,False,False,False,False,True,False,False,False
2022,Magpie Goose,Anseranas semipalmata,Present,318,Aves,2393.4,Medium,other_plant,ground,non-nocturnal,2.0,2.0,0.0,False,False,False,False,True,True,False,False,False,False,False,True,True,True,False,True,False,False,False,False,False,False,False,True,True,True,True,True,True,True,False,False,False,False,True,True,False,False,True,False,False,True,False,False,True,False,False,True,True,False,True,False,False,True,False,False,False,False,False,False,False,False,False,False,False,False,False,False,False,False,False,False,False,False,False,False,True,False,True,True,True,False,True,True,False,False,False,False,False,True,True,False,True,False,True,True,True,False,False,False,False,True,False,False,False,False,False,False,False,False,True,False,False,True,False
2022,Blue-billed Duck,Oxyura australis,Present,313,Aves,798.0,Small,invertebrates,underwater,non-nocturnal,3.0,1.0,0.0,True,True,False,False,True,True,False,False,False,False,False,False,False,True,True,False,False,False,False,False,False,False,False,True,False,True,True,False,True,False,False,False,False,False,False,True,False,False,False,False,False,False,False,False,True,False,False,False,False,True,False,False,False,False,False,True,False,True,False,False,False,False,False,False,False,False,False,False,False,False,False,False,False,False,False,False,True,False,True,False,True,False,True,True,False,False,False,False,False,False,True,False,True,False,True,True,True,False,False,False,True,True,False,False,False,False,True,False,False,False,False,False,True,False,False
2022,Osprey,Pandion haliaetus,Present,302,Aves,1483.2,Medium,fish,water_surface,non-nocturnal,1.0,2.0,0.0,False,False,False,True,True,True,False,False,False,False,False,False,False,True,True,True,False,False,False,False,False,False,False,True,True,True,True,True,False,False,False,False,False,False,True,True,False,False,True,True,False,True,False,False,False,False,False,False,True,False,True,False,False,False,True,True,False,True,False,False,False,True,False,False,False,False,True,False,False,True,True,False,False,False,False,False,False,False,False,True,False,False,False,False,False,False,False,False,False,False,True,False,False,True,True,True,False,False,False,False,True,True,False,False,False,False,False,False,False,False,True,False,True,True,False
2022,Cattle Egret,Bubulcus ibis,Present,301,Aves,365.95,Small,invertebrates,ground,non-nocturnal,1.0,2.0,0.0,False,True,False,False,True,False,False,False,False,False,False,True,True,False,False,True,False,False,False,False,False,False,True,True,False,True,True,True,False,False,False,False,False,True,True,True,False,False,True,False,False,True,False,False,False,False,False,False,False,True,True,False,False,True,False,True,False,False,False,False,False,False,False,False,False,False,True,False,False,False,True,False,False,False,False,False,False,False,True,True,True,False,True,False,False,False,False,False,False,True,True,False,True,True,True,True,True,False,False,False,True,True,False,False,True,False,True,False,False,False,True,False,True,True,False
2022,Little Egret,Egretta garzetta,Present,279,Aves,312.0,Small,invertebrates,water_surface,non-nocturnal,1.0,2.0,0.0,False,True,False,False,True,True,False,False,False,False,False,False,True,True,False,True,False,False,False,False,False,False,False,True,True,True,True,True,False,False,False,False,False,False,True,True,False,False,False,False,False,True,False,False,False,False,False,False,True,True,True,False,False,False,False,True,False,True,False,False,False,True,False,False,False,True,True,False,False,False,True,False,False,False,True,False,False,False,False,True,False,False,True,False,False,False,False,False,False,False,True,False,True,True,True,True,True,False,False,False,True,True,False,False,False,False,False,False,False,False,True,False,True,True,False
2022,"Long-haired Rat, Mayaroo",Rattus villosissimus,Present,270,Mammalia,134.0,Small,seed,,nocturnal,2.0,0.0,1.0,True,True,False,False,False,False,True,False,False,False,False,False,False,False,False,False,False,False,False,False,False,False,False,False,True,False,True,False,False,False,False,False,False,False,False,False,False,False,False,False,False,False,False,True,False,False,False,False,False,False,False,False,False,False,False,False,False,False,False,False,False,False,False,False,False,False,False,False,False,False,False,False,False,False,True,False,False,False,False,False,False,False,False,False,False,False,False,False,False,False,False,False,False,False,False,False,False,False,False,False,False,False,False,False,False,False,False,False,False,False,False,False,False,False,False
2022,Pacific Gull,Larus pacificus,Present,252,Aves,1292.03,Medium,invertebrates,water_surface,non-nocturnal,2.0,2.0,0.0,False,True,False,False,True,True,False,False,False,False,False,False,True,True,False,True,False,False,False,False,False,False,True,True,True,True,True,False,False,False,False,False,False,False,False,False,False,False,False,True,False,False,False,False,False,False,False,False,False,False,False,False,False,False,True,True,False,True,True,False,False,True,False,False,False,False,False,False,False,True,True,True,False,False,False,False,False,False,True,False,False,False,True,False,False,False,False,False,False,False,False,False,True,True,False,False,True,False,False,False,True,False,False,False,True,False,True,False,True,False,False,False,True,False,True
2022,White-fronted Chat,Epthianura albifrons,Present,250,Aves,13.3,Small,invertebrates,ground,non-nocturnal,1.0,2.0,0.0,False,True,False,False,True,False,False,False,False,False,False,True,True,False,False,False,False,True,False,False,False,False,True,True,False,True,True,False,True,False,False,False,True,True,False,False,False,False,False,False,False,False,False,False,False,False,False,False,False,True,False,False,False,False,False,True,False,True,True,False,True,True,False,False,False,False,False,False,False,False,True,True,False,False,False,False,False,False,True,False,False,False,True,False,False,False,False,False,False,False,True,False,True,True,True,False,True,True,False,False,True,True,False,False,False,False,True,True,False,False,False,True,False,False,False
2022,Powerful Owl,Ninox strenua,Present,243,Aves,1345.97,Medium,vert_warm,mid_high,nocturnal,1.0,2.0,0.0,False,False,False,False,True,False,False,False,False,False,False,False,False,False,False,False,True,False,False,False,False,False,False,True,False,True,True,False,False,False,False,False,False,False,False,True,False,False,False,False,False,False,False,False,False,False,False,False,False,False,False,False,False,False,False,False,False,False,False,False,False,False,False,False,False,False,False,False,False,False,False,False,False,False,False,False,False,False,False,True,False,False,True,False,False,False,False,False,False,False,False,False,True,True,True,True,True,False,False,False,False,True,False,False,False,False,False,False,False,False,False,True,False,False,False
2022,Rufous Fantail,Rhipidura rufifrons,Present,240,Aves,10.08,Small,invertebrates,ground,non-nocturnal,1.0,2.0,0.0,False,True,False,False,True,False,False,False,False,False,False,True,True,False,False,False,False,True,False,False,False,False,False,True,False,True,True,True,False,False,False,False,False,False,True,True,False,False,True,False,False,True,False,False,False,False,False,False,False,False,False,False,False,False,False,False,False,False,False,False,False,False,False,False,False,False,False,False,False,False,False,False,False,False,False,False,False,False,False,True,False,True,False,False,False,False,False,False,False,False,True,False,True,True,True,True,False,False,False,False,False,True,False,False,False,False,False,False,False,False,False,True,False,True,False
2022,Varied Sittella,Daphoenositta chrysoptera,Present,234,Aves,11.7,Small,invertebrates,canopy,non-nocturnal,1.0,1.0,0.0,False,True,False,False,True,False,False,False,False,False,False,False,False,False,False,False,True,False,False,False,False,False,False,True,True,True,True,True,True,False,False,False,False,False,False,True,False,False,True,False,False,False,False,True,False,False,False,True,True,False,True,False,False,False,False,True,False,True,False,False,False,False,False,True,False,False,False,False,False,True,True,False,False,False,True,True,True,False,True,True,True,True,True,True,False,False,False,False,False,True,True,False,True,True,True,True,True,False,False,False,False,True,False,False,False,False,False,False,False,False,False,True,False,False,False
2022,Superb Parrot,Polytelis swainsonii,Vulnerable,227,Aves,153.0,Small,seed,understory,non-nocturnal,2.0,2.0,0.0,False,False,True,False,True,False,False,False,False,False,False,False,False,False,False,False,False,True,False,False,False,False,False,False,False,True,True,False,False,False,False,False,False,False,False,True,False,False,False,False,False,False,False,False,True,False,False,False,False,True,False,False,False,False,False,False,False,False,False,False,False,False,False,False,False,False,False,False,False,False,False,False,False,False,False,False,False,False,True,False,True,False,False,False,False,False,False,False,False,False,True,False,False,False,True,True,True,False,False,False,False,False,False,False,False,False,False,False,False,False,False,False,False,False,False
2022,Squirrel Glider,Petaurus norfolcensis,Present,220,Mammalia,230.0,Small,invertebrates,,nocturnal,2.0,0.0,1.0,True,True,False,False,False,False,True,False,False,False,False,False,False,False,False,False,False,False,False,False,True,False,False,False,False,True,True,False,False,False,False,False,False,False,False,True,False,False,False,False,False,False,False,False,False,False,False,False,False,False,False,False,False,True,False,False,False,False,False,False,False,False,False,False,False,False,False,False,False,False,False,False,False,False,False,False,False,False,False,True,True,False,False,False,False,False,False,False,False,False,True,False,False,True,False,True,False,False,False,False,False,True,False,False,False,False,False,False,False,False,False,True,False,False,False
2022,Sooty Oystercatcher,Haematopus fuliginosus,Present,210,Aves,818.99,Small,invertebrates,ground,non-nocturnal,1.0,1.0,0.0,False,True,False,False,True,False,False,False,False,False,False,True,True,False,False,False,False,False,True,False,False,False,False,True,True,True,True,True,False,False,False,False,False,False,False,False,False,False,False,True,False,False,False,False,False,False,False,False,True,False,False,False,False,False,True,True,False,True,True,False,False,True,False,False,False,False,False,False,False,True,True,False,False,False,False,False,False,False,True,True,False,False,True,False,False,False,False,False,False,False,False,False,True,True,False,True,True,False,False,False,True,True,False,False,False,False,True,False,False,False,False,False,True,True,False
2022,Comb-crested Jacana,Irediparra gallinacea,Present,208,Aves,98.8,Small,invertebrates,water_surface,non-nocturnal,2.0,2.0,0.0,True,True,False,False,True,True,False,False,False,False,False,True,True,True,False,True,False,False,False,False,False,False,False,True,False,True,True,True,False,False,False,False,False,False,True,False,False,False,True,False,False,True,False,False,False,False,False,False,False,False,True,False,False,True,False,False,False,False,False,False,False,False,False,False,False,False,False,False,False,False,False,False,False,False,False,True,False,False,False,True,False,False,False,False,False,False,False,False,False,True,False,False,False,False,False,True,False,False,False,False,False,False,False,False,False,False,False,False,False,False,True,False,False,True,False
2022,Little Eagle,Hieraaetus morphnoides,Present,202,Aves,775.05,Small,vert_warm,ground,non-nocturnal,2.0,1.0,0.0,False,False,False,False,True,False,False,False,False,False,False,True,True,False,False,False,False,False,False,False,False,False,False,True,True,True,True,True,True,False,False,False,False,False,False,True,False,False,True,True,False,False,False,True,False,False,False,False,True,False,False,False,False,False,False,True,False,True,False,False,False,False,False,False,False,False,False,False,False,True,True,False,True,False,True,True,True,False,True,True,True,True,True,True,False,False,False,False,False,False,True,True,True,False,True,True,True,True,False,False,True,True,False,False,False,False,False,False,False,False,False,True,True,False,False
2022,Tasmanian Pademelon,Thylogale billardierii,Present,199,Mammalia,5450.0,Medium,other_plant,,nocturnal,1.0,0.0,2.0,False,False,False,False,False,False,True,True,False,False,False,False,False,False,False,False,False,False,False,False,True,False,True,False,False,True,False,False,False,False,False,False,False,True,False,False,False,False,False,False,False,False,False,False,False,False,False,False,False,False,False,False,False,False,False,False,False,False,True,False,False,False,False,False,False,False,False,False,False,False,False,True,False,False,False,False,False,False,False,False,False,False,False,False,False,False,False,False,False,False,False,False,False,False,False,False,False,False,False,False,False,False,False,True,True,True,True,True,True,False,False,False,False,False,False
2022,Diamond Firetail,Stagonopleura guttata,Vulnerable,190,Aves,17.6,Small,seed,ground,non-nocturnal,1.0,1.0,0.0,False,False,False,False,True,False,False,False,False,False,False,True,True,False,False,False,False,False,True,False,False,False,False,True,True,True,True,False,False,False,False,False,False,False,False,True,False,False,False,False,False,False,False,False,False,False,False,False,False,False,False,False,False,False,False,True,False,True,False,False,False,False,False,False,False,False,False,False,False,False,True,False,False,False,False,False,False,False,True,False,True,True,False,True,False,False,False,False,False,False,True,True,False,False,True,False,True,False,False,False,False,True,False,False,False,False,False,False,False,False,False,True,False,False,False
2022,Wompoo Fruit-Dove,Ptilinopus magnificus,Present,189,Aves,185.41,Small,fruit,understory,non-nocturnal,1.0,3.0,0.0,False,False,True,False,True,False,False,False,False,False,False,False,False,False,False,False,True,True,False,True,False,False,False,False,False,True,False,True,False,False,False,False,False,False,False,False,False,False,True,False,False,True,False,False,False,False,False,False,False,False,False,False,False,False,False,False,False,False,False,False,False,False,False,False,False,False,False,False,False,False,False,False,False,False,False,False,False,False,False,True,False,False,False,False,False,False,False,False,False,False,False,False,False,False,False,True,False,False,False,False,False,True,False,False,False,False,False,False,False,False,False,False,False,True,False
2022,Peregrine Falcon,Falco peregrinus,Present,172,Aves,759.95,Small,vert_warm,ground,non-nocturnal,1.0,0.0,0.0,False,False,False,False,True,False,False,False,False,False,False,False,False,False,False,False,False,False,False,False,False,False,False,True,True,True,True,True,False,False,False,False,False,False,False,True,False,False,True,True,False,False,False,False,True,True,False,False,False,False,False,False,False,False,False,True,False,True,False,False,False,False,False,False,False,False,False,False,False,True,True,False,False,False,False,True,False,False,True,True,True,True,True,False,False,False,False,False,False,False,True,False,True,True,True,True,True,False,False,False,True,True,False,False,False,False,True,False,False,False,False,True,False,True,False
2022,Great Crested Grebe,Podiceps cristatus,Present,165,Aves,730.96,Small,fish,underwater,non-nocturnal,2.0,2.0,0.0,False,True,False,True,True,True,False,False,False,False,False,False,False,True,True,True,False,False,False,False,False,False,False,True,True,True,True,True,False,False,False,False,False,False,True,True,False,False,False,False,False,False,False,True,False,False,False,False,False,True,False,False,False,True,False,False,False,True,False,False,False,False,False,False,False,False,False,False,False,False,False,False,False,False,False,True,False,False,True,True,True,True,False,True,False,False,False,False,False,False,True,False,True,False,True,True,True,True,False,False,True,True,False,False,False,False,False,False,False,False,False,False,True,True,False
2022,Square-tailed Kite,Lophoictinia isura,Present,162,Aves,579.37,Small,vert_warm,understory,non-nocturnal,1.0,2.0,0.0,False,False,False,False,True,False,False,False,False,False,False,False,False,False,False,False,False,True,False,False,False,False,False,False,True,True,True,True,False,False,False,False,False,False,False,True,True,False,False,False,False,False,False,False,False,False,False,False,False,False,False,False,False,False,True,False,False,True,False,False,False,False,False,False,False,False,False,False,False,True,True,False,False,False,False,False,False,False,True,True,True,False,False,True,False,False,False,False,False,False,True,False,False,True,True,True,False,False,False,False,True,True,False,False,False,False,False,False,False,False,False,True,True,True,False
2022,Red-legged Pademelon,Thylogale stigmatica,Present,161,Mammalia,4600.0,Medium,other_plant,,nocturnal,1.0,0.0,2.0,False,False,False,False,False,False,True,True,False,False,False,False,False,False,False,False,False,False,False,False,True,False,False,False,False,True,False,True,False,False,False,False,False,False,False,False,False,False,False,False,False,True,False,False,False,False,False,False,False,False,False,False,False,False,False,False,False,False,False,False,False,False,False,False,False,False,False,False,False,False,False,False,False,False,False,False,False,False,False,False,False,False,False,False,False,False,False,False,False,False,False,False,False,False,False,True,False,False,False,False,False,True,False,False,False,False,False,False,False,False,False,False,False,True,False
2022,Hooded Robin,Melanodryas cucullata,Present,153,Aves,21.1,Small,invertebrates,ground,non-nocturnal,1.0,1.0,0.0,False,True,False,False,True,False,False,False,False,False,False,True,True,False,False,False,False,False,True,False,False,False,False,True,True,True,True,False,True,False,False,False,False,False,False,True,False,False,False,False,False,False,False,True,True,False,False,False,False,False,False,False,True,False,False,True,True,True,False,False,True,False,True,False,False,False,False,False,False,True,True,False,True,False,True,False,True,False,True,False,True,True,True,True,False,False,False,False,True,False,True,True,False,False,True,False,False,True,False,False,False,True,False,False,False,False,False,False,False,False,False,True,False,False,False
2022,Pilotbird,Pycnoptilus floccosus,Vulnerable,153,Aves,28.9,Small,invertebrates,ground,non-nocturnal,1.0,1.0,0.0,False,True,False,False,True,False,False,False,False,False,False,True,True,False,False,False,False,False,True,False,False,False,True,False,False,True,False,False,False,False,False,True,False,False,False,False,False,False,False,False,False,False,False,False,False,False,False,False,False,False,False,False,False,False,False,False,False,False,False,False,False,False,False,False,False,False,False,False,False,False,False,False,False,False,False,False,False,False,False,False,False,False,False,False,False,False,False,False,False,False,False,False,False,True,True,False,False,False,False,False,False,True,False,False,False,False,False,False,False,False,False,False,False,False,False
2022,Diamond Dove,Geopelia cuneata,Present,145,Aves,31.6,Small,seed,ground,non-nocturnal,1.0,1.0,0.0,False,False,False,False,True,False,False,False,False,False,False,True,True,False,False,False,False,False,False,False,False,False,False,True,True,True,True,True,True,False,False,False,False,False,True,False,True,True,True,True,True,False,False,True,False,False,False,True,True,True,True,True,False,True,False,False,True,True,False,True,True,False,True,False,False,True,True,False,False,False,False,False,True,False,True,True,True,True,True,False,True,False,False,False,True,False,False,False,True,True,True,True,True,False,True,False,False,True,False,False,False,False,False,False,False,False,False,False,False,False,True,True,False,False,False
2022,Brush-tailed Phascogale,Phascogale tapoatafa,Present,143,Mammalia,193.5,Small,vert_warm,,nocturnal,3.0,0.0,1.0,False,True,False,False,False,False,True,False,False,False,False,False,False,False,False,False,False,False,False,False,True,False,False,False,False,True,True,False,False,False,False,False,False,False,False,False,False,False,False,False,False,False,False,False,False,False,False,False,False,False,False,False,False,False,False,False,False,False,False,False,False,False,False,False,False,False,False,False,False,True,False,False,False,False,False,False,False,False,False,True,True,False,False,False,False,False,False,False,False,False,True,False,False,False,True,True,True,False,False,False,True,True,False,False,False,False,False,False,False,False,False,True,True,False,False
2022,Black-faced Monarch,Monarcha melanopsis,Present,136,Aves,22.7,Small,invertebrates,understory,non-nocturnal,1.0,2.0,0.0,False,True,False,False,True,False,False,False,False,False,False,False,False,False,False,False,False,True,False,False,False,False,False,False,False,True,True,True,False,False,False,False,False,False,True,True,False,False,False,False,False,True,False,False,False,False,False,False,False,False,False,False,False,False,False,False,False,False,False,False,False,False,False,False,False,False,False,False,False,False,False,False,False,False,False,False,False,False,False,True,False,False,False,True,False,False,False,False,False,False,False,False,False,True,True,True,False,False,False,False,False,True,False,False,False,False,False,False,False,False,False,False,False,True,False
2022,Southern Cassowary,Casuarius casuarius,Endangered,134,Aves,44000.0,Large,fruit,ground,non-nocturnal,1.0,1.0,0.0,False,False,True,False,True,False,False,False,False,False,False,True,True,False,False,False,False,False,True,False,False,False,False,False,False,False,False,True,False,False,False,False,False,False,False,False,False,False,True,False,False,False,False,False,False,False,False,False,False,False,False,False,False,False,False,False,False,False,False,False,False,False,False,False,False,False,False,False,False,False,False,False,False,False,False,False,False,False,False,False,False,False,False,False,False,False,False,False,False,False,False,False,False,False,False,False,False,False,False,False,False,False,False,False,False,False,False,False,False,False,False,False,False,True,False
2022,"New Holland Mouse, Pookila",Pseudomys novaehollandiae,Vulnerable,124,Mammalia,20.0,Small,other_plant,,nocturnal,2.0,0.0,1.0,False,False,False,False,False,False,True,False,False,False,False,False,False,False,False,False,False,False,False,False,False,False,False,False,False,True,False,False,False,False,False,False,False,False,False,False,False,False,False,False,False,False,False,False,False,False,False,False,False,False,False,False,False,False,False,False,False,False,False,False,False,False,False,False,False,False,False,False,False,False,False,False,False,False,False,False,False,False,False,True,False,False,False,False,False,False,False,False,False,False,False,False,False,False,False,False,False,False,False,False,False,True,False,False,False,False,False,False,False,False,False,False,False,False,False
2022,Australian Bustard,Ardeotis australis,Present,113,Aves,4182.35,Medium,other_plant,ground,non-nocturnal,1.0,1.0,0.0,False,False,False,False,True,False,False,False,False,False,False,True,True,False,False,False,False,False,False,False,False,False,False,True,True,True,True,True,True,False,False,False,False,False,True,True,True,False,True,True,True,False,False,True,False,False,False,True,True,True,True,False,True,True,False,True,False,False,False,False,False,False,True,True,True,True,True,False,False,False,False,False,True,False,True,False,True,False,True,False,False,False,False,False,True,True,False,False,True,False,True,True,False,False,False,True,False,False,False,False,False,False,False,False,False,False,False,False,False,False,True,False,False,False,False
2022,Grey Goshawk,Accipiter novaehollandiae,Present,110,Aves,326.06,Small,vert_warm,ground,non-nocturnal,3.0,2.0,0.0,False,True,False,False,True,False,False,False,False,False,False,True,True,False,False,False,False,False,False,False,False,False,False,True,True,True,True,True,False,False,False,False,False,False,False,True,False,False,True,False,False,False,False,False,False,False,False,False,False,False,False,False,False,False,False,False,False,False,False,False,False,False,False,False,False,False,False,False,False,False,False,False,False,False,False,False,False,False,False,True,False,False,False,False,True,False,False,False,False,False,False,False,True,True,True,True,True,False,False,False,False,True,False,False,False,True,True,False,False,False,False,True,False,True,False
2022,Feathertail Glider,Acrobates pygmaeus,Present,109,Mammalia,12.0,Small,invertebrates,,nocturnal,1.0,0.0,1.0,False,True,False,False,False,False,True,False,False,False,False,False,False,False,False,False,False,False,False,False,False,False,False,True,False,True,True,True,False,False,False,False,False,False,False,True,False,False,False,False,False,False,False,False,False,False,False,False,False,False,False,False,False,True,False,False,False,False,False,False,False,False,False,False,False,False,False,False,False,False,False,False,False,False,False,False,False,False,False,True,True,False,False,False,False,False,False,False,False,False,False,False,True,True,True,True,True,False,False,False,False,True,False,False,False,False,False,False,False,False,False,True,False,True,False
2022,Kelp Gull,Larus dominicanus,Present,106,Aves,952.43,Small,invertebrates,water_surface,non-nocturnal,0.0,2.0,0.0,False,False,False,False,True,True,False,False,False,False,False,True,True,True,False,True,False,False,False,False,False,False,True,True,False,True,False,False,False,False,False,False,False,False,False,False,False,False,False,False,False,False,False,False,False,False,False,False,False,False,False,False,False,False,False,True,False,False,True,False,False,False,False,False,False,False,False,False,False,False,False,False,False,False,False,False,False,False,False,False,False,False,True,False,False,False,False,False,False,False,False,False,True,False,True,False,False,False,False,True,False,True,False,False,True,False,True,True,False,False,False,False,False,False,False
2022,Turquoise Parrot,Neophema pulchella,Present,105,Aves,41.37,Small,seed,understory,non-nocturnal,3.0,2.0,0.0,False,False,True,False,True,False,False,False,False,False,False,False,False,False,False,False,False,True,False,False,False,False,False,False,False,True,True,False,False,False,False,False,False,False,False,True,False,False,False,False,False,False,False,False,True,False,False,False,False,False,False,False,False,False,False,False,False,False,False,False,False,False,False,False,False,False,False,False,False,False,False,False,False,False,False,False,False,False,False,False,True,True,False,True,False,False,False,False,False,False,False,False,False,True,True,False,False,False,False,False,False,True,False,False,False,False,False,False,False,False,False,False,False,False,False
2022,Long-nosed Potoroo,Potorous tridactylus,Present,96,Mammalia,1100.0,Medium,other_plant,,nocturnal,1.0,0.0,1.0,False,False,False,False,False,False,True,False,False,False,False,False,False,False,False,False,False,False,False,False,True,False,True,False,False,True,False,False,False,False,False,False,False,False,False,False,False,False,False,False,False,False,False,False,False,False,False,False,False,False,False,False,False,False,False,False,False,False,False,False,False,False,False,False,False,False,False,False,False,False,False,False,False,False,False,False,False,False,False,True,False,False,False,False,False,False,False,False,False,False,False,False,False,True,True,True,False,False,False,False,False,True,False,False,True,True,True,False,True,False,False,False,False,False,False
2022,"Little Bent-winged Bat, Little Bent-wing Bat",Miniopterus australis,Present,93,Mammalia,6.15,Small,invertebrates,,nocturnal,1.0,0.0,1.0,False,True,False,False,True,False,True,False,False,False,False,False,False,False,False,False,False,False,False,False,False,True,False,False,False,True,True,False,False,False,False,False,False,False,False,False,False,False,False,False,False,False,False,False,False,False,False,False,False,False,False,False,True,True,False,False,False,False,False,False,False,False,False,False,False,False,False,False,False,False,False,False,False,False,False,False,False,False,False,True,False,False,False,True,False,False,False,False,False,False,False,False,False,False,False,True,False,False,False,False,False,True,False,False,False,False,False,False,False,False,False,False,False,False,False
2022,Southern Whiteface,Aphelocephala leucopsis,Vulnerable,88,Aves,12.31,Small,seed,ground,non-nocturnal,2.0,1.0,0.0,True,True,False,False,True,False,False,False,False,False,False,True,True,False,False,False,False,False,False,False,False,False,False,False,True,True,True,False,True,False,False,False,False,False,False,True,True,False,False,False,False,False,False,True,True,False,False,False,False,False,False,False,False,False,False,False,False,True,False,False,True,False,False,False,False,False,False,False,False,False,True,False,False,False,False,False,True,True,True,False,True,True,False,True,False,False,False,False,False,False,True,True,False,False,True,False,True,True,False,False,False,False,False,False,False,False,False,False,False,False,False,True,False,False,False
2022,White-winged Triller,Lalage tricolor,Present,88,Aves,25.0,Small,invertebrates,ground,non-nocturnal,1.0,1.0,0.0,False,True,False,False,True,False,False,False,False,False,False,True,True,False,False,False,False,False,False,False,False,False,False,True,True,True,True,False,True,False,True,False,False,False,True,True,False,False,False,False,False,False,False,True,False,False,False,True,True,False,True,True,True,True,False,True,True,True,False,False,True,False,False,True,False,True,False,False,False,True,True,False,True,False,True,True,True,False,True,False,True,True,False,False,True,False,False,False,False,True,True,True,False,False,True,True,False,True,True,False,False,False,True,False,False,False,False,False,False,False,True,False,False,False,False
2022,"Large-eared Pied Bat, Large Pied Bat",Chalinolobus dwyeri,Endangered,87,Mammalia,9.03,Small,invertebrates,,nocturnal,1.0,0.0,1.0,False,True,False,False,True,False,True,False,False,False,False,False,False,False,False,False,False,False,False,False,False,True,False,False,False,True,True,False,False,False,False,False,False,False,False,True,False,False,False,False,False,False,False,False,False,False,False,False,False,False,False,False,False,False,False,False,False,False,False,False,False,False,False,False,False,False,False,False,False,False,False,False,False,False,False,False,False,False,False,False,True,False,False,False,False,False,False,False,False,False,False,False,False,False,False,False,False,False,False,False,False,True,False,False,False,False,False,False,False,False,False,False,False,False,False
2022,Long-footed Potoroo,Potorous longipes,Endangered,83,Mammalia,1900.0,Medium,other_plant,,nocturnal,1.0,0.0,1.0,False,False,False,False,False,False,True,False,False,False,False,False,False,False,False,False,False,False,False,False,True,False,False,False,False,True,False,False,False,False,False,False,False,False,False,False,False,False,False,False,False,False,False,False,False,False,False,False,False,False,False,False,False,False,False,False,False,False,False,False,False,False,False,False,False,False,False,False,False,False,False,False,False,False,False,False,False,False,False,False,False,False,False,False,False,False,False,False,False,False,False,False,False,True,False,False,False,False,False,False,False,False,False,False,False,False,False,False,False,False,False,False,False,False,False
2022,"Spotted-tailed Quoll, Tiger Quol",Dasyurus maculatus,Present,80,Mammalia,5500.0,Medium,vert_warm,,nocturnal,2.0,0.0,1.0,False,True,False,False,False,False,True,False,False,False,False,False,False,False,False,False,False,False,False,False,True,False,True,False,False,True,False,False,False,False,False,False,False,True,False,False,False,False,False,False,False,False,False,False,False,False,False,False,False,False,False,False,False,False,False,False,False,False,True,False,False,False,False,False,False,False,False,False,False,False,False,False,False,False,False,False,False,False,False,True,False,True,False,True,False,False,False,False,False,False,False,False,False,True,True,False,False,False,False,False,False,True,False,True,False,True,False,False,True,False,False,False,False,False,False
2022,Red-necked Stint,Calidris ruficollis,Present,79,Aves,26.79,Small,invertebrates,water_surface,non-nocturnal,2.0,2.0,0.0,True,True,False,False,True,True,False,False,False,False,False,True,True,True,False,True,False,False,False,False,False,False,False,True,False,True,True,True,False,False,False,False,False,False,False,False,False,False,True,False,False,False,False,False,False,False,False,False,False,False,False,False,False,False,False,True,False,True,False,False,False,True,False,False,False,False,False,False,False,False,False,False,False,False,False,False,False,False,True,False,False,False,True,False,False,False,False,False,False,False,True,False,True,False,True,True,True,True,False,False,True,True,False,False,False,False,False,False,False,False,False,False,False,True,True
2022,Eastern Horseshoe-bat,Rhinolophus megaphyllus,Present,78,Mammalia,10.06,Small,invertebrates,,nocturnal,1.0,0.0,1.0,False,True,False,False,False,False,True,False,False,False,False,False,False,False,False,False,False,False,False,False,False,False,False,False,False,True,True,True,False,False,False,False,False,False,False,False,False,False,True,False,False,False,False,False,False,False,False,False,False,False,False,False,True,True,False,False,False,False,False,False,False,False,False,False,False,False,False,False,False,False,False,False,False,False,False,False,False,False,False,True,True,False,False,False,False,False,False,False,False,False,False,False,False,False,True,True,False,False,False,False,False,True,False,False,False,False,False,False,False,False,False,False,False,False,False
2022,Rose-crowned Fruit-Dove,Ptilinopus regina,Present,78,Aves,101.57,Small,fruit,canopy,non-nocturnal,1.0,1.0,0.0,False,False,True,False,True,False,False,False,False,False,False,False,False,False,False,False,True,False,True,False,False,False,False,True,False,True,False,True,False,False,False,False,False,False,False,False,False,False,True,False,False,True,False,False,False,False,False,False,False,False,True,False,False,False,False,False,False,False,False,False,False,False,False,False,False,False,False,False,False,False,False,False,False,False,False,False,False,False,False,True,False,False,False,False,False,False,False,False,False,True,False,False,False,False,False,True,False,False,False,False,False,False,False,False,False,False,False,False,False,False,False,False,False,True,False
2022,Olive Whistler,Pachycephala olivacea,Present,76,Aves,41.2,Small,invertebrates,ground,non-nocturnal,1.0,2.0,0.0,False,True,False,False,True,False,False,False,False,False,False,True,True,False,False,False,False,True,False,False,False,False,True,True,False,True,False,False,False,False,False,True,False,False,False,False,False,False,False,False,False,False,False,False,False,False,False,False,False,False,False,False,False,False,False,False,False,False,False,False,False,False,False,False,False,False,False,False,False,False,False,True,False,False,False,False,False,False,False,True,False,False,True,False,False,False,False,False,False,False,False,False,True,True,True,False,False,False,False,False,False,False,False,True,True,True,True,True,True,False,False,True,False,False,False
2022,Spotted Harrier,Circus assimilis,Present,76,Aves,558.58,Small,vert_warm,ground,non-nocturnal,2.0,1.0,0.0,False,False,False,False,True,False,False,False,False,False,False,True,True,False,False,False,False,False,False,False,False,False,False,True,True,True,True,True,True,False,False,False,False,False,False,True,False,False,False,False,False,False,False,True,False,False,False,False,False,True,True,True,False,False,False,True,False,True,False,False,False,False,False,False,False,False,False,False,False,False,True,False,False,False,True,False,True,False,True,False,True,False,True,False,False,False,False,False,False,False,True,True,True,True,True,True,True,True,False,False,True,True,False,False,False,False,False,False,False,False,False,False,False,True,False
2022,"Long-nosed Fur-seal, New Zealand Fur-seal",Arctocephalus forsteri,Present,75,Mammalia,101250.0,Very Large,invertebrates,,nocturnal,1.0,0.0,2.0,False,True,False,False,False,False,True,True,False,False,False,False,False,False,False,False,False,False,False,False,False,False,False,True,False,True,True,False,False,False,False,False,False,False,False,False,False,False,False,False,False,False,False,False,False,False,False,False,False,False,False,False,False,False,False,True,False,False,True,False,False,False,False,False,False,False,False,False,False,True,True,False,False,False,False,False,False,False,True,True,False,False,True,False,False,False,False,False,False,False,False,False,False,True,False,True,True,False,False,False,True,True,False,False,False,False,False,False,False,False,False,False,False,False,False
2022,Southern Emu-wren,Stipiturus malachurus,Present,74,Aves,7.3,Small,invertebrates,ground,non-nocturnal,1.0,1.0,0.0,False,True,False,False,True,False,False,False,False,False,False,True,True,False,False,False,False,False,True,False,False,False,False,True,False,True,True,False,False,False,False,False,False,False,False,False,False,False,False,False,False,False,False,False,False,False,False,False,False,False,False,False,False,False,True,True,False,False,False,False,False,False,False,False,False,False,False,False,False,True,True,False,False,False,False,False,False,False,True,True,False,False,True,False,False,False,False,False,False,False,False,False,True,True,True,False,False,False,False,False,False,True,False,False,False,False,False,False,False,False,False,False,True,False,False
2022,Bar-tailed Godwit,Limosa lapponica,Present,71,Aves,291.65,Small,invertebrates,water_surface,non-nocturnal,1.0,2.0,0.0,False,True,False,False,True,True,False,False,False,False,False,True,True,True,False,True,False,False,False,False,False,False,False,True,True,True,True,True,False,False,False,False,False,False,False,False,False,False,False,False,False,False,False,False,False,False,False,False,False,False,False,False,False,False,False,True,False,False,False,False,False,False,False,False,False,False,False,False,False,False,False,False,False,False,False,False,False,False,True,True,False,False,False,False,True,False,False,True,False,False,False,False,True,True,False,True,False,False,False,False,True,True,False,False,False,False,False,False,False,False,False,False,True,True,False
2022,Leadbeater's Possum,Gymnobelideus leadbeateri,Critically Endangered,71,Mammalia,127.0,Small,invertebrates,,nocturnal,2.0,0.0,1.0,True,True,False,False,False,False,True,False,False,False,False,False,False,False,False,False,False,False,False,False,True,False,True,False,False,True,False,False,False,False,False,True,False,False,False,False,False,False,False,False,False,False,False,False,False,False,False,False,False,False,False,False,False,False,False,False,False,False,False,False,False,False,False,False,False,False,False,False,False,False,False,False,False,False,False,False,False,False,False,False,False,False,False,False,False,False,False,False,False,False,False,False,False,False,True,False,False,False,False,False,False,False,False,False,False,False,False,False,False,False,False,False,False,False,False
2022,Pink Robin,Petroica rodinogaster,Present,71,Aves,10.24,Small,invertebrates,ground,non-nocturnal,1.0,2.0,0.0,False,True,False,False,True,False,False,False,False,False,False,True,True,False,False,False,False,True,False,False,False,False,True,True,False,True,False,False,False,False,False,True,False,True,False,False,False,False,False,False,False,False,False,False,False,False,False,False,False,False,False,False,False,False,False,False,False,False,False,False,False,False,False,False,False,False,False,False,False,False,False,False,False,False,False,False,False,False,False,False,True,False,False,False,False,False,False,False,False,False,False,False,True,False,True,False,True,False,False,False,False,False,False,True,False,True,True,True,True,False,False,True,False,False,False
2022,Swift Parrot,Lathamus discolor,Critically Endangered,70,Aves,64.7,Small,nectar,mid_high,non-nocturnal,1.0,2.0,0.0,False,False,False,False,True,False,False,False,False,False,False,False,False,False,False,False,True,False,False,False,False,False,True,True,False,True,False,False,False,False,False,False,False,False,False,False,False,False,False,False,False,False,False,False,False,False,False,False,False,False,False,False,False,False,False,False,False,False,True,False,False,False,False,False,False,False,False,False,False,False,False,False,False,False,False,False,False,False,False,False,True,False,False,False,False,False,False,False,False,False,False,False,True,False,True,False,True,False,False,False,False,True,False,False,False,False,True,True,False,False,False,True,False,False,False
2022,Malleefowl,Leipoa ocellata,Vulnerable,69,Aves,1913.89,Medium,seed,ground,non-nocturnal,2.0,2.0,0.0,False,False,False,False,True,False,False,False,False,False,False,True,True,False,False,False,False,True,False,False,False,False,False,True,False,True,True,False,False,False,False,False,True,False,False,True,False,False,False,False,False,False,False,False,True,False,False,False,False,False,False,False,False,False,True,True,False,False,False,False,False,False,False,False,False,False,False,False,False,True,False,False,False,False,False,False,False,True,True,False,False,False,True,False,False,False,False,False,False,False,True,False,False,False,False,False,False,False,False,False,False,False,False,False,False,False,False,False,False,False,False,False,False,False,False
2022,Sooty Owl,Tyto tenebricosa,Present,69,Aves,660.6,Small,vert_warm,mid_high,nocturnal,1.0,1.0,0.0,False,False,False,False,True,False,False,False,False,False,False,False,False,False,False,False,False,False,False,False,False,False,True,False,False,True,False,True,False,False,False,True,False,False,False,False,False,False,False,False,False,False,False,False,False,False,False,False,False,False,False,False,False,False,False,False,False,False,False,False,False,False,False,False,False,False,False,False,False,False,False,False,False,False,False,False,False,False,False,True,False,False,False,False,False,False,False,False,False,False,False,False,False,True,True,True,False,False,False,False,False,True,False,False,False,False,False,False,False,False,False,False,False,True,False
2022,White-throated Needletail,Hirundapus caudacutus,Vulnerable,69,Aves,95.5,Small,invertebrates,aerial,non-nocturnal,1.0,1.0,0.0,False,True,False,False,True,False,False,False,False,True,True,False,False,False,False,False,False,False,True,False,False,False,True,True,False,True,True,True,False,False,False,True,False,False,False,True,False,False,False,False,False,False,False,False,False,False,False,False,False,True,False,False,False,False,False,False,False,False,True,False,False,False,False,False,False,False,False,False,False,False,False,False,False,False,False,False,False,False,False,True,False,False,False,True,False,False,False,False,False,False,True,False,True,True,True,True,False,False,False,False,False,True,False,False,False,False,False,False,False,False,False,False,False,True,False
2022,"Bridled Nail-tail Wallaby, Bridled Nailtail Wallaby",Onychogalea fraenata,Endangered,65,Mammalia,5500.0,Medium,other_plant,,nocturnal,1.0,0.0,1.0,False,False,False,False,False,False,True,False,False,False,False,False,False,False,False,False,False,False,False,False,True,False,False,False,False,False,True,False,False,False,False,False,False,False,False,True,False,False,False,False,False,False,False,False,False,False,False,False,False,False,False,False,False,False,False,False,False,False,False,False,False,False,False,False,False,False,False,False,False,False,False,False,False,False,False,False,False,False,True,False,False,False,False,False,False,False,False,False,False,False,False,False,False,False,False,False,False,False,False,False,False,False,False,False,False,False,False,False,False,False,False,False,False,False,False
2022,Blue-winged Parrot,Neophema chrysostoma,Vulnerable,64,Aves,46.1,Small,seed,ground,non-nocturnal,1.0,2.0,0.0,False,False,False,False,True,False,False,False,False,False,False,True,True,False,False,False,False,True,False,False,False,False,True,True,True,True,True,False,False,False,False,False,False,False,False,False,True,False,False,False,False,False,False,False,False,False,False,False,False,True,False,False,False,False,False,False,False,False,True,False,False,False,False,False,False,False,False,False,False,False,False,False,False,False,False,False,False,False,True,False,False,False,True,False,False,False,False,False,False,False,True,False,True,False,True,False,True,False,False,False,False,False,False,False,False,False,True,False,True,False,False,True,False,False,False
2022,Little Penguin,Eudyptula minor,Present,63,Aves,1107.82,Medium,fish,underwater,non-nocturnal,1.0,1.0,0.0,False,False,False,True,True,True,False,False,False,False,False,False,False,True,True,False,False,False,True,False,False,False,False,True,False,True,False,False,False,False,False,False,False,False,False,False,False,False,False,False,False,False,False,False,False,False,False,False,False,False,False,False,False,False,True,False,False,True,True,False,False,False,False,False,False,False,False,False,False,False,False,True,False,False,False,False,False,False,False,True,False,False,False,False,False,False,False,False,False,False,False,False,True,False,False,True,False,False,False,False,True,True,False,False,False,True,True,False,False,False,False,False,False,False,False
2022,Crested Bellbird,Oreoica gutturalis,Present,62,Aves,62.8,Small,invertebrates,ground,non-nocturnal,1.0,1.0,0.0,False,True,False,False,True,False,False,False,False,False,False,True,True,False,False,False,False,False,True,False,False,False,False,True,True,True,True,False,True,False,False,False,False,False,False,True,False,False,False,False,False,False,False,True,True,False,False,False,False,False,False,False,False,False,False,True,True,True,False,False,True,False,True,True,False,False,False,False,False,False,False,False,True,False,False,False,True,True,True,False,False,False,False,False,False,False,False,False,True,False,True,True,False,False,False,False,False,True,False,False,False,True,False,False,False,False,False,False,False,False,False,False,False,False,True
2022,Eastern Barred Bandicoot,Perameles gunnii,Present,62,Mammalia,870.0,Small,invertebrates,,nocturnal,1.0,0.0,1.0,False,True,False,False,False,False,True,False,False,False,False,False,False,False,False,False,False,False,False,False,True,False,True,True,False,True,False,False,False,False,False,False,False,False,False,False,False,False,False,False,False,False,False,False,False,False,False,False,False,False,False,False,False,False,False,False,False,False,True,False,False,False,False,False,False,False,False,False,False,False,False,False,False,False,False,False,False,False,False,False,False,False,False,False,False,False,False,False,False,False,False,False,True,False,False,False,False,False,False,False,False,False,False,False,True,True,True,True,False,False,False,False,False,False,False
2022,Satin Flycatcher,Myiagra cyanoleuca,Present,62,Aves,17.5,Small,invertebrates,canopy,non-nocturnal,1.0,1.0,0.0,False,True,False,False,True,False,False,False,False,False,False,False,False,False,False,False,True,False,True,False,False,False,True,True,False,True,True,True,False,False,False,True,False,False,False,True,False,False,False,False,False,False,False,False,False,False,False,False,False,False,False,False,False,False,False,False,False,False,False,False,False,False,False,False,False,False,False,False,False,False,False,False,False,False,False,False,False,False,False,True,False,False,False,False,False,False,False,False,False,False,False,False,True,True,True,True,False,False,False,False,False,True,False,False,False,True,False,False,False,False,False,True,False,True,False
2022,"Australian Fur-seal, Australo-African Fur-seal",Arctocephalus pusillus,Present,61,Mammalia,178500.0,Very Large,fish,,nocturnal,2.0,0.0,1.0,False,True,False,True,False,False,True,False,False,False,False,False,False,False,False,False,False,False,False,False,False,False,True,True,False,True,True,False,False,False,False,False,False,False,False,False,False,False,False,False,False,False,False,False,False,False,False,False,False,False,False,False,False,False,False,False,False,False,True,False,False,False,False,False,False,False,False,False,False,False,True,False,False,False,False,False,False,False,True,True,False,False,True,False,False,False,False,False,False,False,False,False,True,True,True,False,False,False,False,False,False,True,False,False,False,False,True,True,False,False,False,False,False,False,False
2022,"Pale Field-rat, Djini",Rattus tunneyi,Present,61,Mammalia,124.0,Small,seed,,nocturnal,2.0,0.0,1.0,True,True,False,False,False,False,True,False,False,False,False,False,False,False,False,False,False,False,False,False,False,False,False,False,False,True,False,False,False,False,False,False,False,False,False,False,False,False,False,False,False,False,False,False,False,False,False,False,False,False,False,False,False,False,False,False,False,False,False,False,False,False,False,False,False,False,False,False,False,False,False,False,False,False,False,False,False,False,False,True,False,False,False,False,False,False,False,False,False,False,False,False,False,False,False,True,False,False,False,False,False,False,False,False,False,False,False,False,False,False,False,False,False,False,False
2022,Brush-tailed Rock-wallaby,Petrogale penicillata,Vulnerable,59,Mammalia,7100.0,Medium,other_plant,,nocturnal,1.0,0.0,1.0,False,False,False,False,False,False,True,False,False,False,False,False,False,False,False,False,False,False,False,False,True,False,True,False,False,True,True,False,False,False,False,True,False,False,False,True,False,False,False,False,False,False,False,False,False,False,False,False,False,False,False,False,False,False,False,False,False,False,False,False,False,False,False,False,False,False,False,False,False,False,False,False,False,False,False,False,False,False,False,True,False,False,False,True,False,False,False,False,False,False,False,False,False,False,True,True,False,False,False,False,False,True,False,False,False,False,False,False,False,False,False,False,False,False,False
2022,Plains-wanderer,Pedionomus torquatus,Critically Endangered,58,Aves,62.52,Small,invertebrates,ground,non-nocturnal,2.0,1.0,0.0,True,True,False,False,True,False,False,False,False,False,False,True,True,False,False,False,False,False,False,False,False,False,False,False,True,False,True,False,False,False,False,False,False,False,False,False,False,False,False,False,False,False,False,True,False,False,False,False,False,False,False,False,False,False,False,False,False,False,False,False,False,False,False,False,False,False,False,False,False,False,False,False,False,False,False,False,False,False,True,False,False,False,False,False,False,False,False,False,False,False,True,False,False,False,False,False,False,False,False,False,False,False,False,False,False,False,False,False,False,False,False,False,False,False,False
2022,Humpback Whale,Megaptera novaeangliae,Present,57,Mammalia,30000000.0,Very Large,invertebrates,,diurnal,1.0,0.0,1.0,False,True,False,False,False,False,False,False,False,False,False,False,False,False,False,False,False,False,False,False,False,False,False,True,True,True,True,False,False,False,False,False,False,False,False,False,False,False,False,True,False,False,False,False,False,False,False,False,False,False,False,False,False,False,True,False,False,False,False,False,False,True,False,False,False,False,False,False,False,True,True,False,False,False,False,False,False,False,False,True,False,False,False,False,False,False,False,False,False,False,False,False,True,True,False,True,False,False,False,False,True,True,False,False,False,False,False,False,False,False,False,False,False,False,False
2022,Rufous Bettong,Aepyprymnus rufescens,Present,57,Mammalia,3250.0,Medium,other_plant,,nocturnal,1.0,0.0,1.0,False,False,False,False,False,False,True,False,False,False,False,False,False,False,False,False,False,False,False,False,True,False,False,False,False,True,True,True,False,False,False,False,False,False,True,True,False,False,False,False,False,True,False,False,False,False,False,False,False,False,False,False,False,True,False,False,False,False,False,False,False,False,False,False,False,False,False,False,False,False,False,False,False,False,False,False,False,False,False,True,False,False,False,True,False,False,False,False,False,False,False,False,False,False,False,True,False,False,False,False,False,False,False,False,False,False,False,False,False,False,False,False,False,True,False
2022,Spectacled Flying-fox,Pteropus conspicillatus,Endangered,57,Mammalia,775.7,Small,fruit,,nocturnal,1.0,0.0,1.0,False,False,True,False,True,False,True,False,False,False,False,False,False,False,False,False,False,False,False,False,False,True,False,False,False,False,True,True,False,False,False,False,False,False,False,False,False,False,True,False,False,False,False,False,False,False,False,False,False,False,False,False,False,True,False,False,False,False,False,False,False,False,False,False,False,False,False,False,False,False,False,False,False,False,False,False,False,False,False,False,False,False,False,False,False,False,False,False,False,False,False,False,False,False,False,False,False,False,False,False,False,False,False,False,False,False,False,False,False,False,False,False,False,True,False
2022,White-footed Dunnart,Sminthopsis leucopus,Present,56,Mammalia,26.0,Small,invertebrates,,nocturnal,1.0,0.0,1.0,False,True,False,False,False,False,True,False,False,False,False,False,False,False,False,False,False,False,False,False,True,False,False,True,False,True,False,False,False,False,False,False,False,False,False,False,False,False,False,False,False,False,False,False,False,False,False,False,False,False,False,False,False,False,False,False,False,False,False,False,False,False,False,False,False,False,False,False,False,False,False,False,False,False,False,False,False,False,False,False,False,False,False,False,False,False,False,False,False,False,False,False,True,True,True,False,False,False,False,False,False,False,False,False,False,False,False,False,False,False,False,False,False,False,False
2022,Barking Owl,Ninox connivens,Present,55,Aves,577.99,Small,vert_warm,ground,nocturnal,1.0,0.0,0.0,False,False,False,False,True,False,False,False,False,False,False,False,False,False,False,False,False,False,False,False,False,False,False,True,True,True,True,True,True,False,True,False,False,False,True,True,False,False,True,False,False,False,False,False,False,False,False,True,False,True,True,False,False,True,False,False,False,False,False,False,False,False,False,False,True,False,False,False,False,False,False,False,False,False,False,False,False,False,False,True,True,False,False,False,False,False,False,False,False,True,False,False,False,True,True,True,False,False,False,False,False,True,False,False,False,False,False,False,False,False,True,True,False,True,False
2022,"Common Greenshank, Greenshank",Tringa nebularia,Endangered,55,Aves,187.0,Small,invertebrates,water_surface,non-nocturnal,1.0,2.0,0.0,False,True,False,False,True,True,False,False,False,False,False,True,True,True,False,True,False,False,False,False,False,False,False,True,True,True,True,True,False,False,False,False,False,False,False,False,False,False,False,True,False,False,False,False,False,False,False,False,True,False,True,False,False,False,True,True,False,True,False,False,False,False,False,False,False,False,False,False,False,True,False,False,False,False,False,False,False,False,True,False,False,False,False,False,False,False,False,False,False,False,False,False,True,False,False,True,True,False,False,False,True,True,False,False,False,False,False,False,False,False,False,False,False,True,False
2022,Black-faced Cormorant,Phalacrocorax fuscescens,Present,54,Aves,1515.0,Medium,fish,underwater,non-nocturnal,1.0,1.0,0.0,False,False,False,True,True,True,False,False,False,False,False,False,False,True,True,False,False,False,True,False,False,False,True,True,False,True,False,False,False,False,False,False,False,False,False,False,False,False,False,False,False,False,False,False,False,False,False,False,False,False,False,False,False,False,True,True,False,True,True,False,False,False,False,False,False,False,False,False,False,False,True,False,False,False,False,False,False,False,False,False,False,False,True,False,False,False,False,False,False,False,False,False,True,False,False,False,False,False,False,False,False,False,False,False,False,False,True,False,True,False,False,False,False,False,False
2022,Squatter Pigeon,Geophaps scripta,Present,54,Aves,221.4,Small,seed,ground,non-nocturnal,1.0,1.0,0.0,False,False,False,False,True,False,False,False,False,False,False,True,True,False,False,False,False,False,True,False,False,False,False,False,False,True,True,True,False,False,False,False,False,False,True,True,False,False,False,False,False,True,False,False,False,False,False,False,False,False,False,False,True,True,False,False,False,False,False,False,False,False,False,False,False,False,True,False,False,False,False,False,False,False,False,False,False,False,False,False,False,True,False,False,False,False,False,False,False,False,False,False,False,False,False,False,False,False,False,False,False,False,False,False,False,False,False,False,False,False,False,False,False,True,False
2022,"Latham's Snipe, Japanese Snipe",Gallinago hardwickii,Vulnerable,53,Aves,151.31,Small,invertebrates,ground,non-nocturnal,2.0,1.0,0.0,True,True,False,False,True,False,False,False,False,False,False,True,True,False,False,False,False,False,False,False,False,False,False,True,False,True,True,True,False,False,False,False,False,False,False,True,False,False,True,False,False,False,False,False,False,False,False,False,False,False,False,False,False,False,False,False,False,False,False,False,False,False,False,False,False,False,False,False,False,False,True,False,False,False,False,False,False,False,False,True,True,False,True,False,False,False,False,False,False,False,True,False,True,False,True,True,True,False,False,False,False,True,False,False,False,False,False,False,False,False,False,False,False,True,False
2022,Southern Scrub-robin,Drymodes brunneopygia,Present,51,Aves,32.95,Small,invertebrates,ground,non-nocturnal,1.0,1.0,0.0,False,True,False,False,True,False,False,False,False,False,False,True,True,False,False,False,False,False,True,False,False,False,False,True,False,True,True,False,False,False,False,False,False,False,False,False,False,False,False,False,False,False,False,False,False,False,False,False,False,False,False,False,False,False,False,True,False,False,False,False,False,True,False,False,False,False,False,False,False,False,True,False,False,False,False,False,False,False,True,False,False,False,True,False,False,False,False,False,False,False,False,False,False,False,False,False,False,False,False,False,False,False,False,False,False,False,False,False,False,False,False,False,False,False,False
2022,"Kowari, brushy-tailed marsupial rat, Byrne's crest-tailed marsupial rat",Dasyuroides byrnei,Endangered,50,Mammalia,109.47,Small,vert_warm,,nocturnal,2.0,0.0,1.0,False,True,False,False,False,False,True,False,False,False,False,False,False,False,False,False,False,False,False,False,True,False,False,False,True,False,False,False,False,False,False,False,False,False,False,False,False,False,False,False,False,False,False,True,False,False,False,False,False,False,False,False,False,False,False,False,False,False,False,False,False,False,False,False,False,False,False,False,False,False,False,False,False,False,False,False,False,False,False,False,False,False,False,False,False,False,False,False,False,False,False,False,False,False,False,False,False,False,False,False,False,False,False,False,False,False,False,False,False,False,False,False,False,False,False
2022,"Large-footed Myotis, Southern Myotis",Myotis macropus,Present,50,Mammalia,7.74,Small,invertebrates,,nocturnal,1.0,0.0,1.0,False,True,False,False,True,False,True,False,False,False,False,False,False,False,False,False,False,False,False,False,False,True,False,False,False,True,True,True,True,False,False,False,False,False,False,False,False,False,False,False,False,True,False,False,False,False,False,True,False,False,False,False,False,True,False,False,False,False,False,False,False,False,False,False,False,False,False,False,False,False,False,False,False,False,False,False,False,False,False,True,True,False,False,False,False,False,False,False,False,True,False,False,False,False,True,True,False,False,False,False,False,True,False,False,False,False,False,False,False,False,False,False,False,True,False
2022,Australasian Gannet,Morus serrator,Present,48,Aves,2350.0,Medium,fish,underwater,non-nocturnal,1.0,1.0,0.0,False,False,False,True,True,True,False,False,False,False,False,False,False,True,True,False,False,False,True,False,False,False,False,True,False,True,False,False,False,False,False,False,False,False,False,False,False,False,False,False,False,False,False,False,False,False,False,False,False,False,False,False,False,False,False,False,False,True,False,False,False,False,False,False,False,False,False,False,False,False,False,True,False,False,False,False,False,False,False,True,False,False,True,False,False,False,False,False,False,False,False,False,True,True,False,True,True,False,False,False,True,True,False,False,False,False,True,False,False,False,False,False,True,False,False
2022,Eastern Bristlebird,Dasyornis brachypterus,Endangered,48,Aves,41.8,Small,invertebrates,ground,non-nocturnal,2.0,1.0,0.0,True,True,False,False,True,False,False,False,False,False,False,True,True,False,False,False,False,False,False,False,False,False,False,False,False,True,False,False,False,False,False,False,False,False,False,False,False,False,False,False,False,False,False,False,False,False,False,False,False,False,False,False,False,False,False,False,False,False,True,False,False,False,False,False,False,False,False,False,False,False,False,False,False,False,False,False,False,False,False,False,False,False,False,False,False,False,False,False,False,False,False,False,False,True,False,False,False,False,False,False,False,True,False,False,False,False,False,False,False,False,False,False,False,False,False
2022,Masked Owl,Tyto novaehollandiae,Present,48,Aves,631.85,Small,vert_warm,ground,nocturnal,1.0,1.0,0.0,False,False,False,False,True,False,False,False,False,False,False,True,True,False,False,False,False,False,False,False,False,False,True,False,False,True,True,True,False,False,False,True,False,False,False,True,False,False,False,False,False,False,False,False,False,False,False,False,False,True,False,False,False,False,False,False,False,False,False,False,False,False,False,False,False,False,False,False,False,False,False,False,False,False,False,False,False,False,False,True,True,False,False,True,False,False,False,False,False,False,False,False,False,True,False,True,False,False,False,False,False,True,False,False,False,False,False,False,False,False,False,False,True,True,False
2022,"Brush-tailed Bettong, Woylie",Bettongia penicillata,Present,47,Mammalia,1300.0,Medium,other_plant,,nocturnal,2.0,0.0,1.0,False,False,False,False,False,False,True,False,False,False,False,False,False,False,False,False,False,False,False,False,True,False,False,False,False,False,True,False,False,False,False,False,False,False,False,False,False,False,False,False,False,False,False,False,False,False,False,False,False,False,False,False,False,False,False,False,False,False,False,False,False,False,False,False,False,False,False,False,False,False,False,False,False,False,False,False,False,False,True,False,False,False,False,False,False,False,False,False,False,False,False,False,False,False,False,False,False,False,False,False,False,False,False,False,False,False,False,False,False,False,False,False,False,False,False
2022,Gould's Long-eared Bat,Nyctophilus gouldi,Present,47,Mammalia,10.0,Small,invertebrates,,nocturnal,1.0,0.0,1.0,False,True,False,False,True,False,True,False,False,False,False,False,False,False,False,False,False,False,False,False,False,True,False,False,False,True,True,False,False,False,False,False,False,False,False,True,False,False,False,False,False,False,False,False,False,False,False,False,False,False,False,False,False,False,False,False,False,False,False,False,False,False,False,False,False,False,False,False,False,False,False,False,False,False,False,False,False,False,False,True,True,True,False,True,False,False,False,False,False,False,False,False,False,True,True,True,False,False,False,False,False,True,False,False,False,False,False,False,False,False,False,False,False,False,False
2022,Rufous Scrub-bird,Atrichornis rufescens,Endangered,44,Aves,24.0,Small,invertebrates,ground,non-nocturnal,1.0,1.0,0.0,False,True,False,False,True,False,False,False,False,False,False,True,True,False,False,False,False,False,True,False,False,False,False,False,False,True,False,False,False,False,False,False,False,False,False,False,False,False,False,False,False,False,False,False,False,False,False,False,False,False,False,False,False,False,False,False,False,False,False,False,False,False,False,False,False,False,False,False,False,False,False,False,False,False,False,False,False,False,False,True,False,False,False,True,False,False,False,False,False,False,False,False,False,False,False,False,False,False,False,False,False,False,False,False,False,False,False,False,False,False,False,False,False,False,False
2022,Common Sandpiper,Actitis hypoleucos,Present,43,Aves,48.0,Small,invertebrates,water_surface,non-nocturnal,1.0,2.0,0.0,False,True,False,False,True,True,False,False,False,False,False,True,True,True,False,True,False,False,False,False,False,False,False,True,True,True,True,True,True,False,False,False,False,False,False,False,False,False,False,True,False,False,False,False,False,False,False,True,True,False,True,False,False,False,True,True,False,True,False,False,True,True,False,False,False,False,False,False,False,True,True,False,False,False,False,False,False,False,True,False,False,False,True,False,False,False,False,False,False,False,False,False,True,False,True,True,True,False,False,False,True,True,False,False,False,False,False,False,False,False,False,False,False,True,False
2022,Double-eyed Fig-Parrot,Cyclopsitta diophthalma,Present,43,Aves,41.84,Small,fruit,understory,non-nocturnal,1.0,2.0,0.0,False,False,True,False,True,False,False,False,False,False,False,False,False,False,False,False,False,True,False,False,False,False,False,False,False,False,False,True,False,False,False,False,False,False,False,False,False,False,True,False,False,False,False,False,False,False,False,False,False,False,False,False,False,False,False,False,False,False,False,False,False,False,False,False,False,False,False,False,False,False,False,False,False,False,False,False,False,False,False,False,False,False,False,False,False,False,False,False,False,False,False,False,False,False,False,False,False,False,False,False,False,False,False,False,False,False,False,False,False,False,False,False,False,True,False
2022,Sharp-tailed Sandpiper,Calidris acuminata,Vulnerable,43,Aves,66.08,Small,invertebrates,ground,non-nocturnal,1.0,1.0,0.0,False,True,False,False,True,False,False,False,False,False,False,True,True,False,False,False,False,False,True,False,False,False,False,True,False,True,True,True,True,False,False,False,False,False,False,False,False,False,True,False,False,False,False,False,False,False,False,True,False,False,False,False,False,False,False,True,False,False,False,False,False,False,False,False,False,False,True,False,False,False,False,False,False,False,False,True,False,False,False,False,False,False,False,False,False,False,False,False,False,False,False,False,True,False,False,True,True,False,False,False,False,False,False,False,False,False,False,False,False,False,False,False,False,True,False
2022,Purple-gaped Honeyeater,Lichenostomus cratitius,Present,42,Aves,20.34,Small,invertebrates,understory,non-nocturnal,2.0,1.0,0.0,True,True,False,False,True,False,False,False,False,False,False,False,False,False,False,False,False,True,False,False,False,False,False,True,False,True,True,False,False,False,False,False,False,False,False,False,False,False,False,False,False,False,False,False,False,False,False,False,False,False,False,False,False,False,True,True,False,False,False,False,False,False,False,False,False,False,False,False,False,False,True,False,False,False,False,False,False,False,True,False,False,False,True,False,False,False,False,False,False,False,False,False,False,False,False,False,False,False,False,False,False,False,False,False,False,False,False,False,False,False,False,True,False,False,False
2022,"Red-tailed Phascogale, Red-tailed Wambenger, Kenngoor",Phascogale calura,Vulnerable,42,Mammalia,51.5,Small,vert_warm,,nocturnal,3.0,0.0,1.0,False,True,False,False,False,False,True,False,False,False,False,False,False,False,False,False,False,False,False,False,True,False,False,False,False,True,True,False,False,False,False,False,False,False,False,False,False,False,False,False,False,False,False,False,False,False,False,False,False,False,False,False,False,False,False,False,False,False,False,False,False,False,False,False,False,False,False,False,False,True,False,False,False,False,False,False,False,False,True,False,False,False,False,False,False,False,False,False,False,False,False,False,False,False,False,False,False,False,False,False,False,False,False,False,False,False,False,False,False,False,False,False,False,False,False
2022,Striated Fieldwren,Calamanthus fuliginosus,Present,42,Aves,20.81,Small,invertebrates,ground,non-nocturnal,1.0,2.0,0.0,False,True,False,False,True,False,False,False,False,False,False,True,True,False,False,False,False,True,False,False,False,False,True,True,False,True,False,False,False,False,False,False,False,False,False,False,False,False,False,False,False,False,False,False,False,False,False,False,False,False,False,False,False,False,False,False,False,False,True,False,False,False,False,False,False,False,False,False,False,False,False,True,False,False,False,False,False,False,False,False,False,False,True,False,False,False,False,False,False,False,False,False,True,True,True,False,True,False,False,False,False,False,False,True,False,True,False,False,True,False,False,False,False,False,False
2022,Whiskered Tern,Chlidonias hybrida,Present,42,Aves,83.67,Small,invertebrates,water_surface,non-nocturnal,3.0,2.0,0.0,False,True,False,True,True,True,False,False,False,False,False,False,False,True,False,True,False,True,False,False,False,False,False,True,True,True,True,False,True,False,False,False,False,False,True,True,False,False,False,False,False,False,False,False,True,False,False,True,True,False,True,False,False,False,False,True,False,False,False,False,True,False,False,False,False,False,False,False,False,False,False,False,True,False,False,False,False,False,True,False,False,False,True,False,False,False,False,False,False,False,False,False,True,False,False,True,True,False,False,False,True,True,False,False,False,False,False,False,False,False,False,False,False,False,False
2022,Curlew Sandpiper,Calidris ferruginea,Critically Endangered,41,Aves,58.08,Small,invertebrates,water_surface,non-nocturnal,1.0,2.0,0.0,False,True,False,False,True,True,False,False,False,False,False,True,True,True,False,True,False,False,False,False,False,False,False,True,False,True,False,True,False,False,False,False,False,False,False,False,False,False,False,False,False,False,False,False,False,False,False,False,False,False,False,False,False,False,False,False,False,False,False,False,False,False,False,False,False,False,False,False,False,False,True,False,False,False,False,False,False,False,False,False,False,False,False,False,False,False,False,False,False,False,False,False,True,False,False,True,True,False,False,False,True,True,False,False,False,False,False,False,False,False,False,False,False,True,False
2022,Black-necked Stork,Ephippiorhynchus asiaticus,Present,40,Aves,4100.0,Medium,fish,water_surface,non-nocturnal,1.0,1.0,0.0,False,False,False,True,True,True,False,False,False,False,False,False,False,True,False,True,False,False,False,False,False,False,False,True,False,True,False,True,False,False,False,False,False,False,False,False,False,False,False,False,False,False,False,False,False,False,False,False,False,False,True,False,False,False,False,False,False,False,False,False,False,False,False,False,False,False,False,False,False,False,False,False,False,False,False,False,False,False,False,True,False,False,False,False,False,False,False,False,False,True,False,False,False,False,False,True,False,False,False,False,False,True,False,False,False,False,False,False,False,False,False,False,False,True,False
2022,Spotted Bowerbird,Chlamydera maculata,Present,39,Aves,139.99,Small,invertebrates,ground,non-nocturnal,2.0,2.0,0.0,True,True,True,False,True,False,False,False,False,False,False,True,True,False,False,False,False,True,False,False,False,False,False,False,True,True,True,False,True,False,False,False,False,False,True,True,True,False,False,False,False,True,False,True,True,False,False,False,False,True,False,False,True,False,False,False,False,False,False,False,False,False,False,False,False,False,False,False,False,False,False,False,False,False,True,True,True,False,False,False,False,False,False,False,False,False,False,False,False,False,False,False,False,False,False,False,False,False,False,False,False,False,False,False,False,False,False,False,False,False,False,False,False,False,False
2022,"Australian Sea-lion, Australian Sea Lion",Neophoca cinerea,Endangered,38,Mammalia,190000.0,Very Large,fish,,nocturnal,1.0,0.0,2.0,False,False,False,True,False,False,True,True,False,False,False,False,False,False,False,False,False,False,False,False,False,False,False,True,False,True,True,False,False,False,False,False,False,False,False,False,False,False,False,False,False,False,False,False,False,False,False,False,False,False,False,False,False,False,False,True,False,False,False,False,False,True,False,False,False,False,False,False,False,False,True,False,False,False,False,False,False,False,False,False,False,False,False,False,False,False,False,False,False,False,False,False,True,False,False,False,False,False,False,False,True,False,False,False,False,False,False,False,False,False,False,False,True,False,False
2022,Ruddy Turnstone,Arenaria interpres,Vulnerable,37,Aves,135.98,Small,invertebrates,ground,non-nocturnal,1.0,1.0,0.0,False,True,False,False,True,False,False,False,False,False,False,True,True,False,False,False,False,False,True,False,False,False,False,True,True,True,False,True,False,False,False,False,False,False,False,False,False,False,True,True,False,False,False,False,False,False,False,False,True,False,True,False,False,False,False,True,False,False,False,False,False,False,False,False,False,False,False,False,False,False,False,True,False,False,False,False,False,False,False,True,False,False,True,False,False,False,False,True,False,False,False,False,True,True,False,True,False,False,False,False,True,True,False,False,False,False,False,False,False,False,False,False,False,False,False
2022,Lewin's Rail,Lewinia pectoralis,Present,34,Aves,78.05,Small,invertebrates,water_surface,non-nocturnal,2.0,2.0,0.0,True,True,False,False,True,True,False,False,False,False,False,True,True,True,False,True,False,False,False,False,False,False,False,True,False,True,False,False,False,False,False,False,False,False,False,False,False,False,False,False,False,False,False,False,False,False,False,False,False,False,False,False,False,False,False,False,False,True,False,False,False,False,False,False,False,False,False,False,False,False,True,False,False,False,False,False,False,False,False,True,False,False,False,False,False,False,False,False,False,False,False,False,True,True,True,True,False,False,False,False,False,False,False,False,False,False,False,False,False,False,False,False,False,False,False
2022,Pacific Golden Plover,Pluvialis fulva,Present,34,Aves,134.9,Small,invertebrates,ground,non-nocturnal,1.0,1.0,0.0,False,True,False,False,True,False,False,False,False,False,False,True,True,False,False,False,False,False,False,False,False,False,False,False,False,True,False,True,False,False,False,False,False,False,False,False,False,False,True,False,False,False,False,False,False,False,False,False,False,False,False,False,False,False,False,False,False,False,False,False,False,False,False,False,False,False,False,False,False,False,False,False,False,False,False,False,False,False,False,True,False,False,False,False,False,False,False,True,False,False,False,False,False,True,False,True,False,False,False,False,False,True,False,False,False,False,False,False,False,False,False,False,False,True,False
2022,"Hastings River Mouse, Koontoo",Pseudomys oralis,Endangered,33,Mammalia,95.0,Small,other_plant,,nocturnal,2.0,0.0,1.0,False,False,False,False,False,False,True,False,False,False,False,False,False,False,False,False,False,False,False,False,False,False,False,False,False,True,False,False,False,False,False,False,False,False,False,False,False,False,False,False,False,False,False,False,False,False,False,False,False,False,False,False,False,False,False,False,False,False,False,False,False,False,False,False,False,False,False,False,False,False,False,False,False,False,False,False,False,False,False,True,False,False,False,True,False,False,False,False,False,False,False,False,False,False,False,False,False,False,False,False,False,False,False,False,False,False,False,False,False,False,False,False,False,False,False
2022,Redthroat,Pyrrholaemus brunneus,Present,32,Aves,12.5,Small,invertebrates,ground,non-nocturnal,2.0,2.0,0.0,True,True,False,False,True,False,False,False,False,False,False,True,True,False,False,False,False,True,False,False,False,False,False,False,True,True,True,False,True,False,False,False,True,False,False,False,False,False,False,False,False,False,False,True,False,True,False,False,False,False,False,False,False,False,False,False,False,True,False,False,True,True,True,False,False,False,False,True,False,False,False,False,False,False,False,False,True,False,True,False,False,False,False,False,False,False,False,False,False,False,False,False,False,False,False,False,False,False,False,False,False,False,False,False,False,False,False,False,False,False,False,False,False,False,True
2022,Shy Heathwren,Hylacola cauta,Present,32,Aves,15.21,Small,invertebrates,ground,non-nocturnal,2.0,2.0,0.0,True,True,False,False,True,False,False,False,False,False,False,True,True,False,False,False,False,True,False,False,False,False,False,True,False,True,True,False,False,False,False,False,False,False,False,False,False,False,False,False,False,False,False,False,False,False,False,False,False,False,False,False,False,False,False,True,False,False,False,False,False,False,False,False,False,False,False,False,False,False,True,False,False,False,False,False,False,False,True,False,False,False,True,False,False,False,False,False,False,False,True,False,False,False,False,False,False,False,False,False,False,False,False,False,False,False,False,False,False,False,False,True,False,False,False
2022,Rufous Bristlebird,Dasyornis broadbenti,Present,31,Aves,67.9,Small,invertebrates,ground,non-nocturnal,1.0,1.0,0.0,False,True,False,False,True,False,False,False,False,False,False,True,True,False,False,False,False,False,False,False,False,False,False,True,False,True,False,False,False,False,False,False,False,False,False,False,False,False,False,False,False,False,False,False,False,False,False,False,False,False,False,False,False,False,False,False,False,False,False,False,False,False,False,False,False,False,False,False,False,False,False,False,False,False,False,False,False,False,False,False,False,False,True,False,False,False,False,False,False,False,False,False,True,False,True,False,False,False,False,False,False,False,False,False,False,False,False,False,False,False,False,False,False,False,False
2022,"Tasmanian Bettong, Eastern Bettong",Bettongia gaimardi,Present,31,Mammalia,1660.0,Medium,other_plant,,nocturnal,2.0,0.0,1.0,False,False,False,False,False,False,True,False,False,False,False,False,False,False,False,False,False,False,False,False,True,False,True,False,False,True,False,False,False,False,False,False,False,True,False,False,False,False,False,False,False,False,False,False,False,False,False,False,False,False,False,False,False,False,False,False,False,False,False,False,False,False,False,False,False,False,False,False,False,False,False,True,False,False,False,False,False,False,False,True,False,False,False,False,False,False,False,False,False,False,False,False,False,False,True,False,False,False,False,False,False,False,False,False,True,False,True,False,False,False,False,False,False,False,False
2022,Whimbrel,Numenius phaeopus,Present,31,Aves,364.57,Small,invertebrates,ground,non-nocturnal,1.0,1.0,0.0,False,True,False,False,True,False,False,False,False,False,False,True,True,False,False,False,False,False,False,False,False,False,False,True,True,True,True,True,False,True,False,False,False,False,True,False,False,False,True,False,False,False,False,False,False,False,False,False,True,False,False,False,False,False,False,False,False,False,False,False,False,False,False,False,False,False,False,False,False,False,False,False,False,False,False,False,False,False,False,True,False,False,False,False,False,False,False,True,False,False,False,False,True,False,False,True,False,False,False,False,True,True,False,False,False,False,False,False,False,False,False,False,False,True,False
2022,"Eastern Curlew, Far Eastern Curlew",Numenius madagascariensis,Critically Endangered,30,Aves,792.0,Small,invertebrates,ground,non-nocturnal,1.0,1.0,0.0,False,True,False,False,True,False,False,False,False,False,False,True,True,False,False,False,False,False,True,False,False,False,False,True,True,True,True,True,False,True,False,False,False,False,False,False,False,False,True,False,False,False,False,False,False,False,False,False,True,False,False,False,False,False,False,False,False,False,False,False,False,False,False,False,False,False,True,False,False,False,False,False,False,False,False,False,False,False,False,True,False,False,False,False,False,False,False,False,False,False,False,False,True,False,False,True,False,False,False,False,False,True,False,False,False,False,False,False,False,False,False,False,False,True,False
2022,Barred Cuckoo-shrike,Coracina lineata,Present,29,Aves,76.01,Small,fruit,canopy,non-nocturnal,2.0,1.0,0.0,True,True,True,False,True,False,False,False,False,False,False,False,False,False,False,False,True,False,False,False,False,False,False,False,False,True,True,True,False,False,False,False,False,False,False,True,False,False,False,False,False,False,False,False,False,False,False,False,False,False,False,False,False,False,False,False,False,False,False,False,False,False,False,False,False,False,False,False,False,False,False,False,False,False,False,False,False,False,False,True,False,False,False,False,False,False,False,False,False,False,False,False,False,False,False,True,False,False,False,False,False,False,False,False,False,False,False,False,False,False,False,False,False,True,False
2022,Black Falcon,Falco subniger,Present,28,Aves,776.04,Small,invertebrates,ground,non-nocturnal,3.0,1.0,0.0,False,True,False,False,True,False,False,False,False,False,False,True,True,False,False,False,False,False,False,False,False,False,False,True,True,True,True,True,True,False,False,False,False,False,True,True,False,False,True,True,False,False,False,True,True,False,False,False,False,False,False,False,True,False,False,True,False,True,False,False,False,False,False,False,False,False,False,False,False,False,False,False,True,False,True,True,False,False,True,False,True,True,True,False,False,False,False,False,False,False,True,False,False,False,True,True,True,False,False,False,False,True,False,False,False,False,False,False,False,False,False,False,False,False,False
2022,Southern Right Whale,Eubalaena australis,Endangered,27,Mammalia,23000000.0,Very Large,invertebrates,,nocturnal,1.0,0.0,3.0,False,True,False,False,False,False,True,True,True,False,False,False,False,False,False,False,False,False,False,False,False,False,False,True,False,True,True,False,False,False,False,False,False,False,False,False,False,False,False,False,False,False,False,False,False,False,False,False,False,False,False,False,False,False,False,True,False,False,False,False,False,False,False,False,False,False,False,False,False,True,True,False,False,False,False,False,False,False,False,True,False,False,False,False,False,True,False,False,False,False,False,False,False,True,False,False,False,False,False,False,False,True,False,False,False,False,False,False,False,False,False,False,False,False,False
2022,Double-banded Plover,Charadrius bicinctus,Present,25,Aves,59.4,Small,invertebrates,ground,non-nocturnal,1.0,2.0,0.0,False,True,False,False,True,True,False,False,False,False,False,True,True,True,False,True,False,False,False,False,False,False,False,True,False,True,True,False,False,False,False,False,False,False,False,False,False,False,False,False,False,False,False,False,False,False,False,False,False,False,False,False,False,False,False,False,False,False,False,False,False,False,False,False,False,False,False,False,False,False,False,True,False,False,False,False,False,False,True,False,False,False,True,False,False,False,False,False,False,False,False,False,True,True,False,True,True,False,False,False,False,True,False,False,False,False,False,False,False,False,False,False,False,False,False
2022,Numbat,Myrmecobius fasciatus,Endangered,25,Mammalia,471.5,Small,invertebrates,,diurnal,1.0,0.0,1.0,False,True,False,False,False,False,False,False,False,False,False,False,False,False,False,False,False,False,False,False,False,False,False,False,False,True,True,False,False,False,False,False,True,False,False,False,False,False,False,False,False,False,False,False,False,False,False,False,False,False,False,False,False,False,False,False,False,False,False,False,False,False,False,False,False,False,False,False,False,True,False,False,False,False,False,False,False,False,False,False,False,False,False,False,False,False,False,False,False,False,False,False,False,False,False,False,False,False,False,False,False,False,False,False,False,False,False,False,False,False,False,False,False,False,False
2022,Black-breasted Buzzard,Hamirostra melanosternon,Present,24,Aves,1196.0,Medium,vert_warm,ground,non-nocturnal,1.0,3.0,0.0,False,False,False,False,True,False,False,False,False,False,False,True,True,False,False,False,False,True,False,True,False,False,False,True,True,True,True,True,True,False,False,False,False,False,False,False,False,False,True,False,False,False,False,True,False,False,False,True,False,False,True,False,False,True,False,False,True,False,False,False,False,False,True,False,False,False,False,False,False,False,False,False,True,False,False,False,True,False,True,False,False,False,False,False,False,False,False,False,False,False,False,True,False,False,False,False,False,True,False,False,True,False,False,False,False,False,False,False,False,False,False,False,False,False,False
2022,Cotton Pygmy-goose,Nettapus coromandelianus,Present,24,Aves,391.33,Small,other_plant,water_surface,non-nocturnal,2.0,1.0,0.0,False,False,False,False,True,True,False,False,False,False,False,False,False,True,False,True,False,False,False,False,False,False,False,False,False,True,True,True,False,False,False,False,False,False,True,True,False,False,False,False,False,True,False,False,False,False,False,False,False,False,False,False,False,True,False,False,False,False,False,False,False,False,False,False,False,False,False,False,False,False,False,False,False,False,False,False,False,False,False,False,False,False,False,False,False,False,False,False,False,False,False,False,False,False,False,True,False,False,False,False,False,False,False,False,False,False,False,False,False,False,False,False,False,True,False
2022,"Broad-toothed Rat, Tooarrana",Mastacomys fuscus,Present,23,Mammalia,125.72,Small,other_plant,,nocturnal,2.0,0.0,1.0,False,False,False,False,False,False,True,False,False,False,False,False,False,False,False,False,False,False,False,False,False,False,True,False,False,True,False,False,False,False,False,True,False,False,False,False,False,False,False,False,False,False,False,False,False,False,False,False,False,False,False,False,False,False,False,False,False,False,False,False,False,False,False,False,False,False,False,False,False,False,False,False,False,False,False,False,False,False,False,True,False,False,False,False,False,False,False,False,False,False,False,False,False,False,False,False,False,False,False,False,False,False,False,False,False,True,False,True,False,False,False,False,False,False,False
2022,"Marsh Sandpiper, Little Greenshank",Tringa stagnatilis,Present,23,Aves,77.5,Small,invertebrates,water_surface,non-nocturnal,1.0,2.0,0.0,False,True,False,False,True,True,False,False,False,False,False,True,True,True,False,True,False,False,False,False,False,False,False,True,False,True,True,True,False,False,False,False,False,False,False,False,False,False,True,False,False,False,False,False,False,False,False,False,False,False,True,False,False,False,False,True,False,False,False,False,False,False,False,False,False,False,False,False,False,False,False,False,False,False,False,True,False,False,True,False,False,False,False,False,False,False,False,False,False,False,False,False,False,False,False,True,True,False,False,False,False,False,False,False,False,False,False,False,False,False,False,False,False,True,False
2022,"Pale-vented Bush-hen, Bush-hen",Amaurornis moluccana,Present,23,Aves,186.78,Small,invertebrates,ground,non-nocturnal,3.0,2.0,0.0,True,True,False,False,True,False,False,False,False,False,False,True,True,False,False,True,False,False,False,False,False,False,False,False,False,True,True,True,False,False,False,False,False,False,False,True,False,False,False,False,False,False,False,False,False,False,False,False,False,False,False,False,False,False,False,False,False,False,False,False,False,False,False,False,False,False,False,False,False,False,False,False,False,False,False,False,False,False,False,False,False,False,False,False,False,False,False,False,False,False,False,False,False,False,False,True,False,False,False,False,False,False,False,False,False,False,False,False,False,False,False,False,False,True,False
2022,Quokka,Setonix brachyurus,Vulnerable,23,Mammalia,3250.0,Medium,other_plant,,nocturnal,1.0,0.0,1.0,False,False,False,False,False,False,True,False,False,False,False,False,False,False,False,False,False,False,False,False,True,False,False,False,False,True,False,False,False,False,False,False,False,False,False,False,False,False,False,False,False,False,False,False,False,False,False,False,False,False,False,False,False,False,False,False,False,False,False,False,False,False,False,False,False,False,False,False,False,True,False,False,False,False,False,False,False,False,False,False,False,False,False,False,False,False,False,False,False,False,False,False,False,False,False,False,False,False,False,False,True,False,False,False,False,False,False,False,False,False,False,False,True,False,False
2022,Black Noddy,Anous minutus,Present,22,Aves,112.44,Small,fish,water_surface,non-nocturnal,1.0,1.0,0.0,False,False,False,True,True,True,False,False,False,False,False,False,False,True,False,True,False,False,True,False,False,False,False,False,False,True,False,True,False,False,False,False,False,False,False,False,False,False,False,False,False,False,False,False,False,False,False,False,False,False,False,False,False,False,False,False,False,False,False,False,False,False,False,False,False,False,False,False,False,False,False,False,False,False,False,False,False,False,False,False,False,False,False,False,False,False,False,True,False,False,False,False,False,False,False,True,False,False,False,False,False,False,False,False,False,False,False,False,False,False,False,False,False,False,False
2022,"Indian Ocean Bottlenose Dolphin, Spotted Bottlenose Dolphin",Tursiops aduncus,Present,22,Mammalia,175000.0,Very Large,fish,,diurnal,1.0,0.0,1.0,False,False,False,True,False,False,False,False,False,False,False,False,False,False,False,False,False,False,False,False,False,False,False,True,True,True,False,False,False,False,False,False,False,False,False,False,False,False,False,True,False,False,False,False,False,False,False,False,False,False,False,False,False,False,True,True,False,False,False,False,False,False,False,False,False,False,False,False,False,False,True,False,False,False,False,False,False,False,False,True,False,False,False,False,False,False,False,False,False,False,False,False,True,True,False,True,False,False,False,False,False,True,False,False,False,False,False,False,False,False,False,False,False,False,False
2022,Western Pygmy-possum,Cercartetus concinnus,Present,22,Mammalia,13.0,Small,invertebrates,,nocturnal,0.0,0.0,1.0,False,False,False,False,False,False,True,False,False,False,False,False,False,False,False,False,False,False,False,False,True,False,False,True,False,True,True,False,False,False,False,False,False,False,False,False,False,False,False,False,False,False,False,False,False,True,False,False,False,False,False,False,False,False,True,True,False,False,False,False,False,False,False,False,False,False,False,False,False,True,True,False,False,False,False,False,False,False,True,False,False,False,False,False,False,False,False,False,False,False,False,False,False,False,False,False,False,False,False,False,False,False,False,False,False,False,False,False,False,False,False,False,False,False,False
2022,Terek Sandpiper,Xenus cinereus,Vulnerable,20,Aves,78.8,Small,invertebrates,water_surface,non-nocturnal,2.0,2.0,0.0,True,True,False,False,True,True,False,False,False,False,False,True,True,True,False,True,False,False,False,False,False,False,False,True,True,True,False,True,False,False,False,False,False,False,False,False,False,False,True,False,False,False,False,False,False,False,False,False,True,False,False,False,False,False,False,False,False,False,False,False,False,False,False,False,False,False,False,False,False,False,False,False,False,False,False,False,False,False,False,False,False,False,False,False,True,False,False,False,False,False,False,False,True,False,False,True,False,False,False,False,False,False,False,False,False,False,False,False,False,False,False,False,False,True,False
2022,Yellow-bellied Sheathtail-bat,Saccolaimus flaviventris,Present,20,Mammalia,42.13,Small,invertebrates,,nocturnal,1.0,0.0,1.0,False,True,False,False,False,False,True,False,False,False,False,False,False,False,False,False,False,False,False,False,False,False,False,False,False,True,True,False,False,False,False,False,False,False,False,True,False,False,False,False,False,False,False,False,True,False,False,False,False,False,False,False,True,False,False,False,False,False,False,False,False,False,False,False,False,False,False,False,False,False,False,False,False,False,False,False,False,False,False,True,False,False,False,False,False,False,True,False,False,True,False,False,False,True,False,False,False,False,False,False,False,True,False,False,False,False,False,False,False,False,False,False,False,False,False
2022,Albert's Lyrebird,Menura alberti,Present,19,Aves,928.0,Small,invertebrates,ground,non-nocturnal,1.0,1.0,0.0,False,True,False,False,True,False,False,False,False,False,False,True,True,False,False,False,False,False,True,False,False,False,False,False,False,True,False,False,False,False,False,False,False,False,False,False,False,False,False,False,False,False,False,False,False,False,False,False,False,False,False,False,False,False,False,False,False,False,False,False,False,False,False,False,False,False,False,False,False,False,False,False,False,False,False,False,False,False,False,False,False,False,False,False,False,False,False,False,False,False,False,False,False,False,False,True,False,False,False,False,False,False,False,False,False,False,False,False,False,False,False,False,False,False,False
2022,"Eastern Falsistrelle, Eastern False Pipistrelle",Falsistrellus tasmaniensis,Present,19,Mammalia,22.54,Small,invertebrates,,nocturnal,1.0,0.0,1.0,False,True,False,False,True,False,True,False,False,False,False,False,False,False,False,False,False,False,False,False,False,True,False,False,False,True,False,False,False,False,False,False,False,False,False,False,False,False,False,False,False,False,False,False,False,False,False,False,False,False,False,False,False,False,False,False,False,False,False,False,False,False,False,False,False,False,False,False,False,False,False,False,False,False,False,False,False,False,False,False,False,False,False,False,False,False,False,False,False,False,False,False,False,True,True,False,False,False,False,False,False,True,False,False,True,True,True,False,False,False,False,False,False,False,False
2022,Great Knot,Calidris tenuirostris,Vulnerable,19,Aves,192.0,Small,invertebrates,ground,non-nocturnal,2.0,1.0,0.0,True,True,True,False,True,False,False,False,False,False,False,True,True,False,False,False,False,False,False,False,False,False,False,False,True,True,False,True,False,False,False,False,False,False,False,False,False,False,True,False,False,False,False,False,False,False,False,False,True,False,False,False,False,False,False,False,False,False,False,False,False,False,False,False,False,False,False,False,False,False,False,False,False,False,False,False,False,False,False,False,False,False,False,False,False,False,False,False,False,False,False,False,False,False,False,True,False,False,False,False,False,False,False,False,False,False,False,False,False,False,False,False,False,True,False
2022,Greater Broad-nosed Bat,Scoteanax rueppellii,Present,19,Mammalia,26.41,Small,invertebrates,,nocturnal,1.0,0.0,1.0,False,True,False,False,True,False,True,False,False,False,False,False,False,False,False,False,False,False,False,False,False,True,False,False,False,True,False,False,False,False,False,False,False,False,False,False,False,False,False,False,False,False,False,False,False,False,False,False,False,False,False,False,False,False,False,False,False,False,False,False,False,False,False,False,False,False,False,False,False,False,False,False,False,False,False,False,False,False,False,True,True,False,False,False,False,False,False,False,False,False,False,False,False,False,False,False,False,False,False,False,False,True,False,False,False,False,False,False,False,False,False,False,False,False,False
2022,Poonta,Pseudomys bolami,Present,19,Mammalia,15.5,Small,other_plant,,nocturnal,2.0,0.0,1.0,False,False,False,False,False,False,True,False,False,False,False,False,False,False,False,False,False,False,False,False,False,False,False,False,True,False,True,False,True,False,False,False,False,False,False,False,True,False,False,False,False,False,False,False,False,False,False,False,False,False,False,False,False,False,False,False,False,False,False,False,True,False,False,False,False,False,False,False,False,False,False,False,False,False,False,False,False,False,True,False,False,False,False,False,False,False,False,False,False,False,False,False,False,False,False,False,False,False,False,False,False,False,False,False,False,False,False,False,False,False,False,False,False,False,False
2022,White-browed Treecreeper,Climacteris affinis,Present,19,Aves,21.7,Small,invertebrates,mid_high,non-nocturnal,1.0,2.0,0.0,False,True,False,False,True,False,False,False,False,False,False,False,False,False,False,False,False,True,False,False,False,False,False,False,False,True,True,True,True,False,False,False,False,False,False,True,False,False,False,False,False,False,False,False,False,False,False,False,False,False,False,False,False,False,False,False,False,False,False,False,False,False,False,False,False,False,False,False,False,False,False,False,False,False,False,False,True,False,True,True,False,False,False,False,False,False,False,False,False,False,False,False,False,True,True,False,False,False,False,False,False,True,False,False,False,False,False,False,False,False,False,False,False,True,False
2022,Chestnut-rumped Heathwren,Hylacola pyrrhopygia,Present,18,Aves,16.8,Small,invertebrates,ground,non-nocturnal,1.0,2.0,0.0,False,True,False,False,True,False,False,False,False,False,False,True,True,False,False,False,False,True,False,False,False,False,False,True,False,True,True,False,False,False,False,False,False,False,False,True,False,False,False,False,False,False,False,False,False,False,False,False,False,False,False,False,False,False,False,False,False,True,False,False,False,False,False,False,False,False,False,False,False,False,True,False,False,False,False,False,False,False,False,False,False,False,False,False,False,False,False,False,False,False,False,False,True,True,True,False,False,False,False,False,False,True,False,False,False,False,False,False,False,False,False,True,False,False,False
2022,"Mitchell's Hopping-mouse, Pankot",Notomys mitchellii,Present,18,Mammalia,52.0,Small,fruit,,nocturnal,3.0,0.0,1.0,False,False,True,False,False,False,True,False,False,False,False,False,False,False,False,False,False,False,False,False,False,False,False,False,False,False,True,False,False,False,False,False,False,False,False,False,False,False,False,False,False,False,False,False,False,False,False,False,False,False,False,False,False,False,False,False,False,False,False,False,False,False,False,False,False,False,False,False,False,False,False,False,False,False,False,False,False,False,True,False,False,False,False,False,False,False,False,False,False,False,False,False,False,False,False,False,False,False,False,False,False,False,False,False,False,False,False,False,False,False,False,False,False,False,False
2022,Red-backed Button-quail,Turnix maculosus,Present,18,Aves,39.14,Small,invertebrates,ground,non-nocturnal,3.0,1.0,0.0,True,True,False,False,True,False,False,False,False,False,False,True,True,False,False,False,False,False,False,False,False,False,False,False,False,True,True,True,False,False,False,False,False,False,True,True,False,False,True,False,False,True,False,False,False,False,False,False,False,False,False,False,False,False,False,False,False,False,False,False,False,False,False,False,False,False,False,False,False,False,False,False,False,False,False,False,False,False,False,True,False,False,False,False,False,False,False,False,False,False,False,False,False,False,True,True,False,False,False,False,False,False,False,False,False,False,False,False,False,False,True,False,False,True,False
2022,Australasian Bittern,Botaurus poiciloptilus,Endangered,17,Aves,1083.69,Medium,fish,water_surface,non-nocturnal,2.0,2.0,0.0,False,False,False,True,True,True,False,False,False,False,False,True,True,True,False,True,False,False,False,False,False,False,False,True,False,True,True,False,False,False,False,False,False,False,False,False,False,False,False,False,False,False,False,False,False,False,False,False,False,False,False,False,False,False,False,False,False,False,False,False,False,False,False,False,False,False,False,False,False,False,False,False,False,False,False,False,False,False,False,False,False,False,True,False,False,False,False,False,False,False,True,False,True,True,False,True,False,False,False,False,False,False,False,False,False,False,False,False,False,False,False,False,False,False,False
2022,Chestnut Quail-thrush,Cinclosoma castanotum,Present,17,Aves,73.33,Small,invertebrates,ground,non-nocturnal,1.0,1.0,0.0,False,True,False,False,True,False,False,False,False,False,False,True,True,False,False,False,False,False,True,False,False,False,False,False,False,False,True,False,False,False,False,False,False,False,False,False,False,False,False,False,False,False,False,False,False,False,False,False,False,False,False,False,False,False,False,False,False,False,False,False,False,False,False,False,False,False,False,False,False,False,False,False,False,False,False,False,False,False,True,False,False,False,False,False,False,False,False,False,False,False,True,False,False,False,False,False,False,False,False,False,False,False,False,False,False,False,False,False,False,False,False,False,False,False,False
2022,Superb Fruit-Dove,Ptilinopus superbus,Present,17,Aves,118.0,Small,fruit,mid_high,non-nocturnal,1.0,2.0,0.0,False,False,True,False,True,False,False,False,False,False,False,False,False,False,False,False,True,False,False,False,False,False,False,False,False,True,True,True,False,False,False,False,False,False,True,False,False,False,True,False,False,True,False,False,False,False,False,False,False,False,False,False,False,False,False,False,False,False,False,False,False,False,False,False,False,False,False,False,False,False,False,False,False,False,False,False,False,False,False,False,False,False,False,False,False,False,False,False,False,False,False,False,False,False,False,True,False,False,False,False,False,False,False,False,False,False,False,False,False,False,False,False,False,True,False
2022,Collared Kingfisher,Todiramphus chloris,Present,16,Aves,66.09,Small,invertebrates,ground,non-nocturnal,1.0,2.0,0.0,False,True,False,False,True,True,False,False,False,False,False,True,True,True,False,True,False,False,False,False,False,False,False,False,True,True,False,False,False,False,False,False,False,False,False,False,False,False,False,False,False,False,False,False,False,False,False,False,False,False,False,False,False,False,False,False,False,False,False,False,False,False,False,False,False,False,False,False,False,False,False,False,False,False,False,False,False,False,False,False,False,False,False,False,False,False,False,False,True,False,False,False,False,False,False,True,False,False,False,False,False,True,False,False,False,False,False,False,False,False,False,False,False,False,False
2022,Eastern Ground Parrot,Pezoporus wallicus,Present,16,Aves,71.21,Small,seed,ground,non-nocturnal,2.0,1.0,0.0,False,False,False,False,True,False,False,False,False,False,False,True,True,False,False,False,False,False,False,False,False,False,True,True,False,True,False,False,False,False,False,False,False,False,False,False,False,False,False,False,False,False,False,False,False,False,False,False,False,False,False,False,False,False,False,False,False,False,False,False,False,False,False,False,False,False,False,False,False,False,False,False,False,False,False,False,False,False,False,True,False,False,False,False,False,False,False,False,False,False,False,False,True,False,False,True,False,False,False,False,False,True,False,False,False,False,False,True,True,False,False,False,False,False,False
2022,"Eastern Quoll, Luaner",Dasyurus viverrinus,Endangered,16,Mammalia,1090.0,Medium,invertebrates,,nocturnal,1.0,0.0,3.0,False,True,False,False,False,False,True,True,True,False,False,False,False,False,False,False,False,False,False,False,True,False,True,False,False,True,False,False,False,False,False,False,False,False,False,False,False,False,False,False,False,False,False,False,False,False,False,False,False,False,False,False,False,False,False,False,False,False,False,False,False,False,False,False,False,False,False,False,False,False,False,False,False,False,False,False,False,False,False,False,False,False,False,False,False,False,False,False,False,False,False,False,False,False,True,False,False,False,False,False,False,False,False,True,False,False,True,True,False,False,False,False,False,False,False
2022,Rufous Fieldwren,Calamanthus campestris,Present,16,Aves,13.91,Small,invertebrates,ground,non-nocturnal,1.0,1.0,0.0,False,True,False,False,True,False,False,False,False,False,False,True,True,False,False,False,False,False,True,False,False,False,False,True,True,True,True,False,True,False,False,False,False,False,False,False,False,False,False,True,False,False,False,False,False,False,False,False,False,False,False,False,False,False,False,True,False,True,False,False,True,False,False,False,False,False,False,False,False,False,False,False,False,False,False,False,False,False,True,False,False,False,False,False,False,False,False,False,False,False,False,False,False,False,False,False,False,False,False,False,False,False,False,False,False,False,False,False,False,False,False,False,False,False,False
2022,Wood Sandpiper,Tringa glareola,Present,16,Aves,62.05,Small,invertebrates,water_surface,non-nocturnal,1.0,2.0,0.0,False,True,False,False,True,True,False,False,False,False,False,True,True,True,False,True,False,False,False,False,False,False,False,True,False,True,True,False,True,False,False,False,False,False,False,False,False,False,False,False,False,False,False,False,False,False,False,True,False,False,False,False,False,False,False,True,False,False,False,False,False,False,False,False,False,False,False,False,False,False,False,False,True,False,False,False,False,True,True,False,False,False,False,False,False,False,False,False,False,False,False,False,True,False,False,False,True,False,False,False,False,True,False,False,False,False,False,False,False,False,False,False,False,False,False
2022,Eastern Cave Bat,Vespadelus troughtoni,Present,15,Mammalia,4.64,Small,invertebrates,,nocturnal,1.0,0.0,1.0,False,True,False,False,True,False,True,False,False,False,False,False,False,False,False,False,False,False,False,False,False,True,False,False,False,True,True,False,False,False,False,False,False,False,False,True,False,False,False,False,False,False,False,False,False,False,False,False,False,False,False,False,True,True,False,False,False,False,False,False,False,False,False,False,False,False,False,False,False,False,False,False,False,False,False,False,False,False,False,False,False,True,False,False,False,False,False,False,False,False,False,False,False,False,False,False,False,False,False,False,False,True,False,False,False,False,False,False,False,False,False,False,False,False,False
2022,Mountain Pygmy-possum,Burramys parvus,Endangered,15,Mammalia,41.5,Small,invertebrates,,nocturnal,3.0,0.0,1.0,True,True,True,False,False,False,True,False,False,False,False,False,False,False,False,False,False,False,False,False,True,False,True,False,False,False,False,False,False,False,False,True,False,False,False,False,False,False,False,False,False,False,False,False,False,False,False,False,False,False,False,False,False,False,False,False,False,False,False,False,False,False,False,False,False,False,False,False,False,False,False,False,False,False,False,False,False,False,False,False,False,False,False,False,False,False,False,False,False,False,False,False,False,False,False,False,False,False,False,False,False,False,False,False,False,False,False,False,False,False,False,False,False,False,False
2022,Pied Honeyeater,Certhionyx variegatus,Present,15,Aves,26.27,Small,nectar,understory,non-nocturnal,1.0,3.0,0.0,False,False,False,False,True,False,False,False,False,False,False,False,False,False,False,False,True,True,False,True,False,False,False,False,True,True,True,False,True,False,False,False,False,False,False,False,False,False,False,False,False,False,False,False,False,False,False,False,False,False,False,True,False,False,False,False,False,False,False,True,True,False,False,False,False,False,False,False,False,False,False,False,False,False,False,False,True,False,False,False,False,False,False,False,False,False,False,False,False,False,False,True,False,False,False,False,False,False,False,False,False,False,False,False,False,False,False,False,False,False,False,False,False,False,True
2022,"Queensland Tube-nosed Bat, Eastern Tube-nosed Bat",Nyctimene robinsoni,Present,15,Mammalia,49.48,Small,fruit,,nocturnal,1.0,0.0,1.0,False,False,True,False,True,False,True,False,False,False,False,False,False,False,False,False,False,False,False,False,False,True,False,False,False,False,False,True,False,False,False,False,False,False,False,False,False,False,False,False,False,False,False,False,False,False,False,False,False,False,False,False,False,False,False,False,False,False,False,False,False,False,False,False,False,False,False,False,False,False,False,False,False,False,False,False,False,False,False,False,False,False,False,False,False,False,False,False,False,False,False,False,False,False,False,False,False,False,False,False,False,False,False,False,False,False,False,False,False,False,False,False,False,True,False
2022,Black-tailed Godwit,Limosa limosa,Endangered,14,Aves,288.37,Small,invertebrates,water_surface,non-nocturnal,1.0,2.0,0.0,False,True,False,False,True,True,False,False,False,False,False,True,True,True,False,True,False,False,False,False,False,False,False,False,True,True,True,True,False,False,False,False,False,False,False,False,False,False,False,False,False,False,False,False,False,False,False,False,True,True,False,False,False,False,False,False,False,False,False,False,False,False,False,False,False,False,True,False,False,False,False,False,False,False,True,False,False,False,False,False,False,False,False,False,False,False,False,False,False,False,False,False,False,True,False,False,True,False,False,False,True,True,False,False,False,False,False,False,False,False,False,False,False,True,False
2022,Red-lored Whistler,Pachycephala rufogularis,Vulnerable,14,Aves,36.6,Small,invertebrates,ground,non-nocturnal,1.0,2.0,0.0,False,True,False,False,True,False,False,False,False,False,False,True,True,False,False,False,False,True,False,False,False,False,False,False,False,False,True,False,False,False,False,False,False,False,False,False,False,False,False,False,False,False,False,False,False,False,False,False,False,False,False,False,False,False,False,False,False,False,False,False,False,False,False,False,False,False,False,False,False,False,False,False,False,False,False,False,False,False,True,False,False,False,False,False,False,False,False,False,False,False,False,False,False,False,False,False,False,False,False,False,False,False,False,False,False,False,False,False,False,False,False,False,False,False,False
2022,Flock Bronzewing,Phaps histrionica,Present,13,Aves,288.97,Small,seed,ground,non-nocturnal,1.0,2.0,0.0,False,False,False,False,True,False,False,False,False,False,False,True,True,False,False,False,False,True,False,False,False,False,False,False,True,False,True,False,True,False,False,False,False,False,False,False,True,False,False,False,False,False,False,True,False,False,False,True,False,False,False,False,False,False,False,False,False,False,False,False,False,False,False,False,False,False,False,False,False,False,False,False,False,False,True,False,False,False,False,False,False,False,False,False,False,False,False,False,False,False,False,True,False,False,False,False,False,True,False,False,False,False,False,False,False,False,False,False,False,False,False,False,False,False,False
2022,Gilbert's Whistler,Pachycephala inornata,Present,13,Aves,30.8,Small,invertebrates,understory,non-nocturnal,1.0,1.0,0.0,False,True,False,False,True,False,False,False,False,False,False,False,False,False,False,False,False,True,True,False,False,False,False,True,False,True,True,False,True,False,False,False,False,False,False,False,False,False,False,False,False,False,False,False,False,False,False,False,False,False,False,False,False,False,False,True,False,False,False,False,True,False,False,False,False,False,False,False,False,False,False,False,False,False,False,False,False,False,True,False,True,False,False,False,False,False,False,False,False,False,False,False,False,False,False,False,False,False,False,False,False,False,False,False,False,False,False,False,False,False,False,True,False,False,False
2022,Lemuroid Ringtail Possum,Hemibelideus lemuroides,Present,13,Mammalia,952.5,Small,other_plant,,nocturnal,1.0,0.0,1.0,False,False,False,False,False,False,True,False,False,False,False,False,False,False,False,False,False,False,False,False,False,False,False,False,False,False,False,True,False,False,False,False,False,False,False,False,False,False,False,False,False,False,False,False,False,False,False,False,False,False,False,False,False,False,False,False,False,False,False,False,False,False,False,False,False,False,False,False,False,False,False,False,False,False,False,False,False,False,False,False,False,False,False,False,False,False,False,False,False,False,False,False,False,False,False,False,False,False,False,False,False,False,False,False,False,False,False,False,False,False,False,False,False,True,False
2022,Sanderling,Calidris alba,Present,13,Aves,51.71,Small,invertebrates,ground,non-nocturnal,1.0,1.0,0.0,False,True,False,False,True,False,False,False,False,False,False,True,True,False,False,False,False,False,False,False,False,False,False,True,True,True,False,False,False,False,False,False,False,False,False,False,False,False,False,False,False,False,False,False,False,False,False,False,True,False,False,False,False,False,False,False,False,False,False,False,False,False,False,False,False,False,False,False,False,False,False,False,False,False,False,False,False,False,False,False,False,False,True,False,False,False,False,False,False,False,False,False,True,False,False,False,False,False,False,False,False,True,False,False,False,False,False,False,False,False,False,False,True,False,False
2022,Stripe-faced Dunnart,Sminthopsis macroura,Present,13,Mammalia,20.0,Small,invertebrates,,nocturnal,1.0,0.0,1.0,False,True,False,False,False,False,True,False,False,False,False,False,False,False,False,False,False,False,False,False,True,False,False,False,True,True,True,False,True,False,False,False,False,False,False,False,True,False,False,False,False,False,False,True,False,False,False,False,False,False,False,False,False,False,False,False,False,True,False,False,True,False,False,False,False,False,False,False,False,False,False,False,False,False,True,False,False,False,False,False,False,False,False,False,False,False,False,False,False,False,False,False,False,False,False,False,False,False,False,False,False,False,False,False,False,False,False,False,False,False,False,False,False,False,False
2022,Banded Stilt,Cladorhynchus leucocephalus,Present,12,Aves,216.0,Small,invertebrates,water_surface,non-nocturnal,1.0,1.0,0.0,False,True,False,False,True,True,False,False,False,False,False,False,False,True,False,True,False,False,True,False,False,False,False,False,False,True,True,False,True,False,False,False,True,False,False,False,False,False,False,False,False,False,False,False,False,False,False,False,False,False,False,False,False,False,False,False,False,False,False,False,True,False,False,False,False,False,False,False,False,False,False,False,False,False,False,False,False,False,True,False,False,False,False,False,False,False,False,False,False,False,True,False,False,False,False,False,True,False,False,False,True,False,False,False,False,False,False,False,False,False,False,False,False,False,False
2022,Fluttering Shearwater,Puffinus gavia,Present,12,Aves,228.86,Small,invertebrates,underwater,non-nocturnal,2.0,1.0,0.0,False,True,False,True,True,True,False,False,False,False,False,False,False,True,True,False,False,False,False,False,False,False,False,True,False,True,False,False,False,False,False,False,False,False,False,False,False,False,False,False,False,False,False,False,False,False,False,False,False,False,False,False,False,False,False,False,False,False,True,False,False,False,False,False,False,False,False,False,False,False,False,False,False,False,False,False,False,False,False,True,False,False,False,False,False,False,False,False,False,False,False,False,True,True,False,True,False,False,False,False,False,True,False,False,False,False,False,False,False,False,False,False,False,False,False
2022,"Red Knot, Knot",Calidris canutus,Vulnerable,12,Aves,141.87,Small,invertebrates,ground,non-nocturnal,1.0,1.0,0.0,False,True,False,False,True,False,False,False,False,False,False,True,True,False,False,False,False,False,True,False,False,False,False,True,False,True,False,False,False,False,False,False,False,False,False,False,False,False,False,False,False,False,False,False,False,False,False,False,False,False,False,False,False,False,False,False,False,False,False,False,False,False,False,False,False,False,False,False,False,False,False,False,False,False,False,False,False,False,False,False,False,False,False,False,False,False,False,False,False,False,False,False,True,False,False,True,True,False,False,False,False,True,False,False,False,False,False,False,False,False,False,False,False,False,False
2022,White Tern,Gygis alba,Present,12,Aves,111.0,Small,fish,water_surface,non-nocturnal,1.0,1.0,0.0,False,False,False,True,True,True,False,False,False,False,False,False,False,True,False,True,False,False,True,False,False,False,False,False,False,False,False,True,False,False,False,False,False,False,False,False,False,False,False,False,False,False,False,False,False,False,False,False,False,False,False,False,False,False,False,False,False,False,False,False,False,False,False,False,False,False,False,False,False,False,False,False,False,False,False,False,False,False,False,False,False,False,False,False,False,False,False,True,False,False,False,False,False,False,False,False,False,False,False,False,False,False,False,False,False,False,False,False,False,False,False,False,False,False,False
2022,Buff-sided Robin,Poecilodryas cerviniventris,Present,11,Aves,19.8,Small,invertebrates,ground,non-nocturnal,1.0,1.0,0.0,False,True,False,False,True,False,False,False,False,False,False,True,True,False,False,False,False,False,True,False,False,False,False,True,False,True,True,False,False,False,False,False,False,False,False,False,False,False,False,False,True,False,False,False,False,False,False,False,False,False,True,False,False,False,False,False,False,False,False,False,False,False,False,False,True,True,True,False,False,False,False,False,False,False,False,False,False,False,False,False,False,False,False,False,False,False,False,False,False,False,False,False,False,False,False,False,False,False,False,False,False,False,False,False,False,False,False,False,False,False,True,False,False,False,False
2022,Fork-tailed Swift,Apus pacificus,Present,11,Aves,39.43,Small,invertebrates,aerial,non-nocturnal,1.0,1.0,0.0,False,True,False,False,True,False,False,False,False,True,True,False,False,False,False,False,False,False,True,False,False,False,False,True,False,True,True,False,False,False,False,False,False,False,True,False,False,False,False,False,False,False,False,False,False,False,False,False,False,True,False,False,False,False,False,True,False,False,False,False,False,False,False,False,False,False,False,False,False,False,False,False,False,False,False,False,False,False,True,False,False,True,False,False,False,False,False,False,False,False,False,False,False,True,False,True,False,False,False,False,False,True,False,False,False,False,False,False,False,False,False,False,False,False,False
2022,"Oriental Plover, Oriental Dotterel",Charadrius veredus,Present,11,Aves,95.0,Small,invertebrates,ground,non-nocturnal,1.0,1.0,0.0,False,True,False,False,True,False,False,False,False,False,False,True,True,False,False,False,False,False,True,False,False,False,False,False,True,False,True,False,False,False,False,False,False,False,False,False,False,False,False,False,False,False,False,False,False,False,False,False,False,False,False,False,False,False,False,False,False,False,False,False,False,False,False,False,False,False,True,False,False,False,False,False,False,False,False,False,False,False,False,False,False,False,False,False,False,False,False,False,True,False,False,False,False,False,False,False,False,False,False,False,False,False,False,False,False,False,False,False,False,False,False,False,False,False,False
2022,Oriental Pratincole,Glareola maldivarum,Present,11,Aves,75.2,Small,invertebrates,ground,non-nocturnal,1.0,3.0,0.0,False,True,False,False,True,False,False,False,False,False,False,True,True,False,False,False,False,True,False,True,False,False,False,False,False,True,True,True,False,False,False,False,False,False,False,False,False,False,False,False,False,False,False,False,False,False,False,False,False,False,False,False,False,False,False,False,False,False,False,False,False,False,False,False,False,False,False,False,False,False,False,False,False,False,False,True,False,False,False,False,False,False,False,False,False,False,False,False,False,False,False,False,False,False,False,True,False,False,False,False,False,False,False,False,False,False,False,False,False,False,False,False,False,True,False
2022,Palm Cockatoo,Probosciger aterrimus,Present,11,Aves,841.0,Small,fruit,mid_high,non-nocturnal,3.0,2.0,0.0,False,False,True,False,True,False,False,False,False,False,False,False,False,False,False,False,True,False,False,False,False,False,False,False,False,False,False,True,False,False,False,False,False,False,False,False,False,False,True,False,False,False,False,False,False,False,False,False,False,False,False,False,False,False,False,False,False,False,False,False,False,False,False,False,False,False,False,False,False,False,False,False,False,False,False,False,False,False,False,False,False,False,False,False,False,False,False,False,False,False,False,False,False,False,False,False,False,False,False,False,False,False,False,False,False,False,False,False,False,False,False,False,False,False,False
2022,Striated Grasswren,Amytornis striatus,Present,11,Aves,19.64,Small,invertebrates,ground,non-nocturnal,2.0,1.0,0.0,True,True,False,False,True,False,False,False,False,False,False,True,True,False,False,False,False,False,False,False,False,False,False,False,True,False,True,False,False,False,False,False,False,False,False,False,False,False,False,False,False,False,False,False,False,False,False,False,False,False,False,False,False,False,False,False,False,False,False,False,False,False,True,False,False,False,False,False,False,False,False,False,False,False,False,False,False,False,True,False,False,False,False,False,False,False,False,False,True,False,True,False,False,False,False,False,False,False,False,False,False,False,False,False,False,False,False,False,False,False,False,False,False,False,False
2022,Common Noddy,Anous stolidus,Present,10,Aves,177.77,Small,fish,water_surface,non-nocturnal,2.0,1.0,0.0,False,True,False,True,True,True,False,False,False,False,False,False,False,True,False,True,False,False,False,False,False,False,False,False,False,True,False,True,False,False,False,False,False,False,False,False,False,False,False,False,False,False,False,False,False,False,False,False,False,False,False,False,False,False,False,False,False,False,False,False,False,False,False,False,False,False,False,False,True,False,False,False,False,False,False,False,False,False,False,False,False,False,False,False,False,False,False,True,False,False,False,False,False,False,False,False,False,False,False,False,True,True,False,False,False,False,False,False,False,False,False,False,False,False,False
2022,"Eastern Blossom Bat, Queensland Blossom Bat",Syconycteris australis,Present,10,Mammalia,17.1,Small,nectar,,nocturnal,1.0,0.0,1.0,False,False,False,False,True,False,True,False,False,False,False,False,False,False,False,False,False,False,False,False,False,True,False,False,False,True,False,True,False,False,False,False,False,False,False,False,False,False,False,False,False,True,False,False,False,False,False,False,False,False,False,False,False,False,False,False,False,False,False,False,False,False,False,False,False,False,False,False,False,False,False,False,False,False,False,False,False,False,False,True,False,False,False,False,False,False,False,False,False,False,False,False,False,False,False,True,False,False,False,False,False,False,False,False,False,False,False,False,False,False,False,False,False,True,False
2022,Golden-tipped Bat,Phoniscus papuensis,Present,10,Mammalia,6.32,Small,invertebrates,,nocturnal,1.0,0.0,1.0,False,True,False,False,True,False,True,False,False,False,False,False,False,False,False,False,False,False,False,False,False,True,False,False,False,True,False,False,False,False,False,False,False,False,False,False,False,False,False,False,False,False,False,False,False,False,False,False,False,False,False,False,False,False,False,False,False,False,False,False,False,False,False,False,False,False,False,False,False,False,False,False,False,False,False,False,False,False,False,True,False,False,False,False,False,False,False,False,False,False,False,False,False,False,False,False,False,False,False,False,False,False,False,False,False,False,False,False,False,False,False,False,False,False,False
2022,Red-chested Button-quail,Turnix pyrrhothorax,Present,10,Aves,45.66,Small,invertebrates,ground,non-nocturnal,2.0,1.0,0.0,True,True,False,False,True,False,False,False,False,False,False,True,True,False,False,False,False,False,False,False,False,False,False,False,False,True,True,False,False,False,False,False,False,False,False,False,False,False,False,False,False,True,False,False,False,False,False,False,False,False,False,True,False,False,False,False,False,False,False,False,False,False,False,False,False,False,False,False,False,False,False,False,False,False,True,False,False,False,False,False,True,True,False,False,False,False,False,False,False,True,True,False,False,False,False,False,False,False,False,False,False,False,False,False,False,False,False,False,False,False,False,False,False,False,False
2022,Common Tern,Sterna hirundo,Present,9,Aves,129.15,Small,fish,underwater,non-nocturnal,1.0,1.0,0.0,False,False,False,True,True,True,False,False,False,False,False,False,False,True,True,False,False,False,True,False,False,False,False,True,False,True,True,False,False,False,False,False,False,False,False,False,False,False,False,False,False,False,False,False,False,False,False,False,False,False,False,False,False,False,False,False,False,False,False,False,False,False,False,False,False,False,False,False,False,False,False,False,False,False,False,False,False,False,True,True,False,False,False,False,False,False,False,False,False,False,False,False,True,False,False,True,False,False,False,False,False,True,False,False,False,False,False,False,False,False,False,False,False,False,False
2022,Eastern Grass Owl,Tyto longimembris,Present,9,Aves,352.5,Small,vert_warm,ground,nocturnal,1.0,1.0,0.0,False,False,False,False,True,False,False,False,False,False,False,True,True,False,False,False,False,False,True,False,False,False,False,True,False,True,True,True,False,False,False,False,False,False,False,False,False,False,True,False,False,True,False,False,False,False,False,False,False,True,False,False,False,False,False,False,False,False,False,False,False,False,False,False,False,False,False,False,False,False,False,False,False,False,False,False,False,False,False,True,False,False,False,False,False,False,False,False,False,False,False,False,True,False,False,True,False,False,False,False,False,True,False,False,False,False,False,False,False,False,False,False,False,False,False
2022,"Lesser Frigatebird, Least Frigatebird",Fregata ariel,Present,9,Aves,804.32,Small,invertebrates,water_surface,non-nocturnal,2.0,1.0,0.0,False,True,False,True,True,True,False,False,False,False,False,False,False,True,False,True,False,False,False,False,False,False,False,False,True,True,False,True,False,False,False,False,False,False,False,False,False,False,True,False,False,False,False,False,False,False,False,False,True,False,False,False,False,False,False,False,False,False,False,False,False,False,False,False,False,False,False,False,True,False,False,False,False,False,False,False,False,False,False,False,False,False,False,False,False,False,False,False,False,False,False,False,False,False,False,True,False,False,False,False,False,False,False,False,False,False,False,False,False,False,False,False,False,False,False
2022,Marbled Frogmouth,Podargus ocellatus,Present,9,Aves,175.37,Small,invertebrates,ground,nocturnal,1.0,2.0,0.0,False,True,False,False,True,False,False,False,False,False,False,True,True,False,False,False,False,True,False,False,False,False,False,False,False,True,False,True,False,False,False,False,False,False,False,False,False,False,True,False,False,False,False,False,False,False,False,False,False,False,False,False,False,False,False,False,False,False,False,False,False,False,False,False,False,False,False,False,False,False,False,False,False,False,False,False,False,False,False,False,False,False,False,False,False,False,False,False,False,False,False,False,False,False,False,True,False,False,False,False,False,False,False,False,False,False,False,False,False,False,False,False,False,False,False
2022,Red-tailed Tropicbird,Phaethon rubricauda,Present,9,Aves,671.87,Small,fish,underwater,non-nocturnal,2.0,1.0,0.0,False,True,False,True,True,True,False,False,False,False,False,False,False,True,True,False,False,False,False,False,False,False,False,False,False,True,False,True,False,False,False,False,False,False,False,False,False,False,False,False,False,False,False,False,False,False,False,False,False,False,False,False,False,False,False,False,False,False,False,False,False,False,False,False,False,False,False,False,True,False,False,False,False,False,False,False,False,False,False,False,False,False,False,False,False,False,False,True,False,False,False,False,False,False,False,True,False,False,False,False,False,False,False,False,False,False,False,False,False,False,False,False,False,False,False
2022,Black Bittern,Ixobrychus flavicollis,Present,8,Aves,321.0,Small,fish,water_surface,non-nocturnal,2.0,2.0,0.0,False,True,False,True,True,True,False,False,False,False,False,True,True,True,False,True,False,False,False,False,False,False,False,True,False,True,True,True,True,False,False,False,False,False,False,False,False,False,True,False,False,False,False,False,False,False,False,True,False,False,True,False,False,True,False,False,False,False,False,False,False,False,False,False,False,False,False,False,False,False,False,False,False,False,False,False,False,False,False,False,False,False,False,False,False,False,False,False,False,True,False,False,False,False,False,True,False,False,False,False,False,False,False,False,False,False,False,False,False,False,False,False,False,True,False
2022,"Eastern Chestnut Mouse, Karrooka",Pseudomys gracilicaudatus,Present,8,Mammalia,74.75,Small,other_plant,,nocturnal,2.0,0.0,1.0,False,False,False,False,False,False,True,False,False,False,False,False,False,False,False,False,False,False,False,False,False,False,False,False,False,True,True,False,False,False,False,False,False,False,True,False,False,False,False,False,False,False,False,False,False,False,False,False,False,False,False,False,False,False,False,False,False,False,False,False,False,False,False,False,False,False,False,False,False,False,False,False,False,False,False,False,False,False,False,True,False,False,False,False,False,False,False,False,False,False,False,False,False,False,False,False,False,False,False,False,False,False,False,False,False,False,False,False,False,False,False,False,False,False,False
2022,"Oriental Cuckoo, Horsfield's Cuckoo",Cuculus optatus,Present,8,Aves,99.0,Small,invertebrates,mid_high,non-nocturnal,1.0,1.0,0.0,False,True,False,False,True,False,False,False,False,False,False,False,False,False,False,False,False,False,False,False,False,False,False,False,False,True,True,False,False,False,False,False,False,False,False,True,False,False,False,False,False,False,False,False,False,False,False,False,False,False,False,False,False,False,False,False,False,False,False,False,False,False,False,False,False,False,False,False,False,False,False,False,False,False,False,False,False,False,False,False,False,False,False,True,False,False,False,False,False,False,False,False,False,False,False,True,False,False,False,False,False,False,False,False,False,False,False,False,False,False,False,False,False,False,False
2022,Purple-crowned Fairy-wren,Malurus coronatus,Present,8,Aves,11.09,Small,invertebrates,understory,non-nocturnal,1.0,1.0,0.0,False,True,False,False,True,False,False,False,False,False,False,False,False,False,False,False,False,True,True,False,False,False,False,False,False,True,True,False,False,False,False,False,False,False,False,False,False,False,False,False,True,False,False,False,False,False,False,False,False,False,False,False,False,False,False,False,False,False,False,False,False,False,False,False,False,True,False,False,False,False,False,False,False,False,True,False,False,False,False,False,False,False,False,False,False,False,True,False,False,False,False,False,False,False,False,False,False,False,False,False,False,False,False,False,False,False,False,False,False,False,True,False,False,False,False
2022,Radjah Shelduck,Tadorna radjah,Present,8,Aves,885.22,Small,invertebrates,ground,non-nocturnal,1.0,2.0,0.0,False,True,False,False,True,True,False,False,False,False,False,True,True,True,False,True,False,False,False,False,False,False,False,False,False,True,False,True,True,False,False,False,False,False,False,False,False,False,False,False,False,False,False,False,False,False,False,True,False,False,False,False,False,False,False,False,False,False,False,False,False,False,False,False,False,False,False,False,False,False,False,False,False,False,False,False,False,False,False,False,False,False,False,False,False,False,False,False,False,False,False,False,False,False,False,False,False,False,False,False,False,True,False,False,False,False,False,False,False,False,False,False,False,True,False
2022,Blue-faced Parrot-Finch,Erythrura trichroa,Present,7,Aves,14.39,Small,seed,ground,non-nocturnal,1.0,2.0,0.0,False,False,False,False,True,False,False,False,False,False,False,True,True,False,False,False,False,True,False,False,False,False,False,False,False,False,False,True,False,False,False,False,False,False,False,False,False,False,False,False,False,False,False,False,False,False,False,False,False,False,False,False,False,False,False,False,False,False,False,False,False,False,False,False,False,False,False,False,False,False,False,False,False,False,False,False,False,False,False,False,False,False,False,False,False,False,False,False,False,False,False,False,False,False,False,False,False,False,False,False,False,False,False,False,False,False,False,False,False,False,False,False,False,True,False
2022,Little Pied Bat,Chalinolobus picatus,Present,7,Mammalia,5.1,Small,invertebrates,,nocturnal,1.0,0.0,1.0,False,True,False,False,True,False,True,False,False,False,False,False,False,False,False,False,False,False,False,False,False,True,False,False,True,False,True,False,False,False,False,False,False,False,False,False,True,False,False,False,False,False,False,True,True,False,False,False,False,True,False,False,False,False,False,False,False,False,False,False,False,False,False,False,False,False,False,False,False,False,False,False,False,False,False,False,False,False,False,False,False,False,False,False,False,False,False,False,False,False,False,False,False,False,False,False,False,False,False,False,False,False,False,False,False,False,False,False,False,False,False,False,False,False,False
2022,Northern Bettong,Bettongia tropica,Endangered,7,Mammalia,1256.58,Medium,other_plant,,nocturnal,1.0,0.0,1.0,False,False,False,False,False,False,True,False,False,False,False,False,False,False,False,False,False,False,False,False,True,False,False,False,False,False,False,True,False,False,False,False,False,False,False,False,False,False,False,False,False,False,False,False,False,False,False,False,False,False,False,False,False,False,False,False,False,False,False,False,False,False,False,False,False,False,False,False,False,False,False,False,False,False,False,False,False,False,False,False,False,False,False,False,False,False,False,False,False,False,False,False,False,False,False,False,False,False,False,False,False,False,False,False,False,False,False,False,False,False,False,False,False,True,False
2022,Painted Honeyeater,Grantiella picta,Vulnerable,7,Aves,21.5,Small,fruit,understory,non-nocturnal,2.0,2.0,0.0,False,False,True,False,True,False,False,False,False,False,False,False,False,False,False,False,True,True,False,False,False,False,False,False,False,True,True,False,True,False,False,False,False,False,False,True,False,False,False,False,False,False,False,False,False,False,False,False,False,False,False,False,False,False,False,False,False,False,False,False,False,False,False,False,False,False,False,False,False,False,False,False,False,False,False,False,True,False,False,False,False,True,False,False,False,False,False,False,False,False,False,False,False,False,False,False,False,False,False,False,False,False,False,False,False,False,False,False,False,False,False,True,False,False,False
2022,Southern Royal Albatross,Diomedea epomophora,Vulnerable,7,Aves,8905.61,Medium,invertebrates,water_surface,non-nocturnal,1.0,1.0,0.0,False,True,False,False,True,True,False,False,False,False,False,False,False,True,False,True,False,False,True,False,False,False,False,False,False,True,False,False,False,False,False,False,False,False,False,False,False,False,False,False,False,False,False,False,False,False,False,False,False,False,False,False,False,False,False,False,False,False,False,False,False,False,False,False,False,False,False,False,False,False,False,False,False,False,False,False,False,False,False,False,False,False,False,False,False,False,False,False,False,False,False,False,False,False,False,False,False,False,False,False,False,False,False,False,False,False,False,False,False,False,False,False,True,False,False
2022,"White-winged Tern, White-winged Black Tern",Chlidonias leucopterus,Present,7,Aves,54.2,Small,invertebrates,water_surface,non-nocturnal,1.0,3.0,0.0,False,True,False,False,True,False,False,False,False,False,False,False,True,False,False,True,False,True,False,True,False,False,False,True,False,True,False,False,False,False,False,False,False,False,False,False,False,False,False,False,False,False,False,False,False,False,False,False,False,False,False,False,False,False,False,True,False,False,False,False,False,False,False,False,False,False,False,False,False,False,False,False,False,False,False,False,False,False,False,True,False,False,False,False,False,False,False,False,False,False,False,False,True,False,False,True,True,False,False,False,False,False,False,False,False,False,False,False,False,False,False,False,False,False,False
2022,Brown Booby,Sula leucogaster,Present,6,Aves,1288.82,Medium,fish,underwater,non-nocturnal,2.0,1.0,0.0,False,True,False,True,True,True,False,False,False,False,False,False,False,True,True,False,False,False,False,False,False,False,False,True,True,True,False,True,False,False,False,False,False,False,False,False,False,False,False,False,False,False,False,False,False,False,True,False,True,False,False,False,False,False,False,False,False,False,False,False,False,False,False,False,False,False,False,False,True,False,False,False,False,False,False,False,False,False,False,False,False,False,False,False,False,False,False,False,False,False,False,False,False,False,False,True,False,False,False,False,False,False,False,False,False,False,False,False,False,False,False,False,False,False,False
2022,Freckled Duck,Stictonetta naevosa,Present,6,Aves,903.27,Small,other_plant,water_surface,non-nocturnal,1.0,1.0,0.0,False,False,False,False,True,True,False,False,False,False,False,False,False,True,False,True,False,False,False,False,False,False,False,False,False,True,True,False,False,False,False,False,False,False,False,False,False,False,False,False,False,False,False,False,False,False,False,False,False,False,False,False,False,False,False,False,False,False,False,False,False,False,False,False,False,False,False,False,False,False,False,False,False,False,False,False,False,False,False,False,False,False,False,False,False,False,False,False,False,False,True,False,False,False,False,True,False,False,False,False,True,False,False,False,False,False,False,False,False,False,False,False,False,False,False
2022,Ghost Bat,Macroderma gigas,Vulnerable,6,Mammalia,126.43,Small,vert_warm,,nocturnal,1.0,0.0,1.0,False,False,False,False,False,False,True,False,False,False,False,False,False,False,False,False,False,False,False,False,False,False,False,False,True,True,True,False,False,False,False,False,False,False,False,False,False,False,False,False,False,False,False,False,False,False,False,False,True,False,False,False,False,False,False,False,False,False,False,False,False,False,False,False,False,False,False,False,False,False,False,False,False,False,False,True,False,False,False,False,False,False,False,False,False,False,False,False,False,True,False,False,False,False,False,False,False,False,False,False,False,False,False,False,False,False,False,False,False,False,False,False,False,False,False
2022,Ground Cuckoo-shrike,Coracina maxima,Present,6,Aves,127.0,Small,invertebrates,ground,non-nocturnal,1.0,3.0,0.0,False,True,False,False,True,False,False,False,False,False,False,True,True,False,False,False,False,True,False,True,False,False,False,False,False,True,True,False,False,False,False,False,False,False,False,True,False,False,False,False,False,False,False,False,False,False,False,False,False,False,False,False,False,False,False,False,False,False,False,False,False,False,False,False,False,False,False,False,False,False,False,False,False,False,False,False,False,False,False,False,True,False,False,False,False,False,False,False,False,False,False,False,False,False,False,False,False,False,False,False,False,False,False,False,False,False,False,False,False,False,False,False,False,False,False
2022,King Penguin,Aptenodytes patagonicus,Present,6,Aves,11731.07,Large,fish,underwater,non-nocturnal,1.0,1.0,0.0,False,False,False,True,True,True,False,False,False,False,False,False,False,True,True,False,False,False,True,False,False,False,False,True,False,False,False,False,False,False,False,False,False,False,False,False,False,False,False,False,False,False,False,False,False,False,False,False,False,False,False,False,False,False,False,False,False,False,False,False,False,False,False,False,False,False,False,False,False,False,False,False,False,False,False,False,False,False,False,False,False,False,False,False,False,False,False,False,False,False,False,False,False,False,False,False,False,False,False,True,False,False,False,False,False,False,False,False,False,False,False,False,False,False,False
2022,Partridge Pigeon,Geophaps smithii,Present,6,Aves,194.0,Small,seed,ground,non-nocturnal,1.0,1.0,0.0,False,False,False,False,True,False,False,False,False,False,False,True,True,False,False,False,False,False,True,False,False,False,False,False,True,True,False,False,False,False,True,False,False,False,False,False,False,False,False,False,False,False,False,False,False,False,False,False,False,False,False,False,False,False,False,False,False,False,False,False,False,False,False,False,False,False,False,False,False,False,False,False,False,False,False,False,False,False,False,False,False,False,False,False,False,False,False,False,False,True,False,False,False,False,False,False,False,False,False,False,False,False,False,False,False,False,False,False,False,False,False,False,False,False,False
2022,"Silky Mouse, Nalpo",Pseudomys apodemoides,Present,6,Mammalia,20.0,Small,other_plant,,nocturnal,2.0,0.0,1.0,False,False,False,False,False,False,True,False,False,False,False,False,False,False,False,False,False,False,False,False,False,False,False,False,False,True,True,False,False,False,False,False,False,False,False,False,False,False,False,False,False,False,False,False,False,False,False,False,False,False,False,False,False,False,False,False,False,False,False,False,False,False,False,False,False,False,False,False,False,False,False,False,False,False,False,False,False,False,True,False,False,False,True,False,False,False,False,False,False,False,False,False,False,False,False,False,False,False,False,False,False,False,False,False,False,False,False,False,False,False,False,False,False,False,False
2022,Slender-billed Thornbill,Acanthiza iredalei,Present,6,Aves,6.04,Small,invertebrates,ground,non-nocturnal,1.0,2.0,0.0,False,True,False,False,True,False,False,False,False,False,False,True,True,False,False,False,False,True,False,False,False,False,False,True,False,False,True,False,True,False,False,False,False,False,False,False,False,False,False,False,False,False,False,False,False,False,False,False,False,False,False,False,False,False,False,True,False,False,False,False,True,False,False,False,False,False,False,False,False,False,False,False,False,False,False,False,False,False,True,False,False,False,False,False,False,False,False,False,False,False,False,False,False,False,False,False,False,False,False,False,False,False,False,False,False,False,False,False,False,False,False,False,False,False,False
2022,Swamp Antechinus,Antechinus minimus,Present,6,Mammalia,53.5,Small,invertebrates,,nocturnal,1.0,0.0,1.0,False,True,False,False,False,False,True,False,False,False,False,False,False,False,False,False,False,False,False,False,True,False,False,True,False,True,False,False,False,False,False,False,False,False,False,False,False,False,False,False,False,False,False,False,False,False,False,False,False,False,False,False,False,False,False,False,False,False,False,False,False,False,False,False,False,False,False,False,False,False,False,False,False,False,False,False,False,False,False,False,False,False,False,False,False,False,False,False,False,False,False,False,True,False,False,False,False,False,False,False,False,False,False,False,False,False,True,False,False,False,False,False,False,False,False
2022,Forty-spotted Pardalote,Pardalotus quadragintus,Endangered,5,Aves,10.7,Small,invertebrates,canopy,non-nocturnal,2.0,2.0,0.0,True,True,False,False,True,False,False,False,False,False,False,False,False,False,False,False,True,False,False,False,False,False,False,False,False,True,False,False,False,False,False,False,False,False,False,False,False,False,False,False,False,False,False,False,False,False,False,False,False,False,False,False,False,False,False,False,False,False,False,False,False,False,False,False,False,False,False,False,False,False,False,False,False,False,False,False,False,False,False,False,False,False,False,False,False,False,False,False,False,False,False,False,False,False,False,False,False,False,False,False,False,False,False,False,False,False,True,False,False,False,False,False,False,False,False
2022,Grey Falcon,Falco hypoleucos,Vulnerable,5,Aves,457.2,Small,vert_warm,ground,non-nocturnal,2.0,1.0,0.0,False,False,False,False,True,False,False,False,False,False,False,True,True,False,False,False,False,False,False,False,False,False,False,False,True,True,True,False,False,False,False,False,False,False,False,False,False,True,False,False,False,False,False,True,False,False,False,False,False,False,False,True,False,False,False,False,False,False,False,False,False,False,False,False,False,False,False,False,False,False,False,False,False,False,True,False,False,False,False,False,True,False,False,False,False,False,False,False,False,False,False,False,False,False,False,False,False,False,False,False,False,False,False,False,False,False,False,False,False,False,False,False,False,False,False
2022,Hall's Babbler,Pomatostomus halli,Present,5,Aves,41.8,Small,invertebrates,ground,non-nocturnal,1.0,1.0,0.0,False,True,False,False,True,False,False,False,False,False,False,True,True,False,False,False,False,False,False,False,False,False,False,False,True,False,False,False,True,False,False,False,False,False,False,False,False,False,False,False,False,False,False,True,False,False,False,False,False,False,False,False,False,False,False,False,False,False,False,False,False,False,False,False,False,False,False,False,False,False,False,False,False,False,False,False,True,False,False,False,False,False,False,False,False,False,False,False,False,False,False,False,False,False,False,False,False,False,False,False,False,False,False,False,False,False,False,False,False,False,False,False,False,False,False
2022,Inland Forest Bat,Vespadelus baverstocki,Present,5,Mammalia,4.8,Small,invertebrates,,nocturnal,1.0,0.0,1.0,False,True,False,False,True,False,True,False,False,False,False,False,False,False,False,False,False,False,False,False,False,True,False,False,True,False,True,False,False,False,False,False,False,False,False,False,True,False,False,False,False,False,False,False,False,False,False,False,False,False,False,False,False,False,False,False,False,False,False,False,False,False,False,False,False,False,False,False,False,False,False,False,False,False,False,False,False,False,True,False,False,False,False,False,False,False,False,False,False,False,False,False,False,False,False,False,False,False,False,False,False,False,False,False,False,False,False,False,False,False,False,False,False,False,False
2022,"Mount Claro Rock Wallaby, Sharman's Rock Wallaby",Petrogale sharmani,Vulnerable,5,Mammalia,4123.14,Medium,other_plant,,nocturnal,1.0,0.0,1.0,False,False,False,False,False,False,True,False,False,False,False,False,False,False,False,False,False,False,False,False,True,False,False,False,False,False,True,False,False,False,False,False,False,False,False,False,False,False,False,False,False,False,False,False,False,False,False,False,False,False,False,False,False,True,False,False,False,False,False,False,False,False,False,False,False,False,False,False,False,False,False,False,False,False,False,False,False,False,False,False,False,False,False,False,False,False,False,False,False,False,False,False,False,False,False,False,False,False,False,False,False,False,False,False,False,False,False,False,False,False,False,False,False,False,False
2022,"Sandy Inland Mouse, Mingkiri",Pseudomys hermannsburgensis,Present,5,Mammalia,12.0,Small,other_plant,,nocturnal,2.0,0.0,1.0,False,False,False,False,False,False,True,False,False,False,False,False,False,False,False,False,False,False,False,False,False,False,False,False,True,False,True,False,False,False,False,False,False,False,False,False,False,False,False,True,False,False,False,False,False,False,False,False,False,False,False,False,False,False,False,False,False,False,False,False,False,True,False,False,False,False,False,False,False,False,False,False,False,False,False,False,False,False,True,False,False,False,False,False,False,False,False,False,False,False,False,True,False,False,False,False,False,False,False,False,False,False,False,False,False,False,False,False,False,False,False,False,False,False,False
2022,Western Grasswren,Amytornis textilis,Present,5,Aves,23.03,Small,invertebrates,ground,non-nocturnal,3.0,1.0,0.0,True,True,True,False,True,False,False,False,False,False,False,True,True,False,False,False,False,False,False,False,False,False,False,False,True,False,False,False,True,False,False,False,False,False,False,False,False,False,False,True,False,False,False,False,False,False,False,False,False,False,False,False,False,False,False,False,False,False,False,False,True,False,False,False,False,False,False,False,False,False,False,False,False,False,False,False,False,False,False,False,False,False,False,False,False,False,False,False,False,False,False,False,False,False,False,False,False,False,False,False,False,False,False,False,False,False,False,False,False,False,False,False,False,False,False
2022,Western Whipbird,Psophodes nigrogularis,Present,5,Aves,44.52,Small,invertebrates,ground,non-nocturnal,1.0,1.0,0.0,False,True,False,False,True,False,False,False,False,False,False,True,True,False,False,False,False,False,True,False,False,False,False,False,False,True,False,False,False,False,False,False,False,False,False,False,False,False,False,False,False,False,False,False,False,False,False,False,False,False,False,False,False,False,True,False,False,False,False,False,False,False,False,False,False,False,False,False,False,True,False,False,False,False,False,False,False,False,False,False,False,False,False,False,False,False,False,False,False,False,False,False,False,False,False,False,False,False,False,False,False,False,False,False,False,False,False,False,False,False,False,False,False,False,False
2022,Common Planigale,Planigale maculata,Present,4,Mammalia,11.0,Small,invertebrates,,nocturnal,3.0,0.0,1.0,False,True,False,False,False,False,True,False,False,False,False,False,False,False,False,False,False,False,False,False,True,False,False,True,False,True,True,True,False,False,False,False,False,False,True,False,False,False,False,False,False,False,False,False,False,False,False,False,False,False,True,False,False,False,False,False,False,False,False,False,False,False,False,False,False,False,False,False,False,False,False,False,False,False,False,False,False,False,False,True,False,False,False,False,False,False,False,False,False,False,False,False,False,False,False,False,False,False,False,False,False,False,False,False,False,False,False,False,False,False,False,False,False,True,False
2022,Dugong,Dugong dugon,Present,4,Mammalia,310000.0,Very Large,other_plant,,nocturnal,1.0,0.0,3.0,False,False,False,False,False,False,True,True,True,False,False,False,False,False,False,False,False,False,False,False,False,False,False,False,True,False,True,False,False,False,False,False,False,False,False,False,False,False,False,False,False,False,False,False,False,False,False,False,True,False,False,False,False,False,False,False,False,False,False,False,False,False,False,False,False,False,False,False,False,False,False,False,False,False,False,False,False,False,False,False,False,False,False,False,True,False,False,False,False,False,False,False,False,False,False,False,False,False,False,False,False,False,False,False,False,False,False,False,False,False,False,False,False,False,True
2022,Gentoo Penguin,Pygoscelis papua,Present,4,Aves,5932.95,Medium,fish,underwater,non-nocturnal,2.0,1.0,0.0,False,True,False,True,True,True,False,False,False,False,False,False,False,True,True,False,False,False,False,False,False,False,False,True,False,False,False,False,False,False,False,False,False,False,False,False,False,False,False,False,False,False,False,False,False,False,False,False,False,False,False,False,False,False,False,False,False,False,False,False,False,False,False,False,False,False,False,False,False,False,False,False,False,False,False,False,False,False,False,False,False,False,False,False,False,False,False,False,False,False,False,False,False,False,False,False,False,False,False,True,False,False,False,False,False,False,False,False,False,False,False,False,False,False,False
2022,"Kultarr, Eastern Kultarr",Antechinomys laniger,Present,4,Mammalia,25.57,Small,invertebrates,,nocturnal,1.0,0.0,1.0,False,True,False,False,False,False,True,False,False,False,False,False,False,False,False,False,False,False,False,False,True,False,False,False,True,False,True,False,False,False,False,False,False,False,False,False,False,False,False,False,False,False,False,True,False,False,False,False,False,False,False,False,False,False,False,False,False,False,False,False,False,False,False,False,False,False,False,False,False,False,False,False,False,False,True,False,False,False,False,False,False,False,False,False,False,False,False,False,False,False,False,False,False,False,False,False,False,False,False,False,False,False,False,False,False,False,False,False,False,False,False,False,False,False,False
2022,Mallee Emu-wren,Stipiturus mallee,Endangered,4,Aves,5.5,Small,invertebrates,ground,non-nocturnal,1.0,2.0,0.0,False,True,False,False,True,False,False,False,False,False,False,True,True,False,False,False,False,True,False,False,False,False,False,False,False,False,True,False,False,False,False,False,False,False,False,False,False,False,False,False,False,False,False,False,False,False,False,False,False,False,False,False,False,False,False,False,False,False,False,False,False,False,False,False,False,False,False,False,False,False,False,False,False,False,False,False,False,False,True,False,False,False,False,False,False,False,False,False,False,False,True,False,False,False,False,False,False,False,False,False,False,False,False,False,False,False,False,False,False,False,False,False,False,False,False
2022,Masked Booby,Sula dactylatra,Present,4,Aves,1732.08,Medium,fish,underwater,non-nocturnal,1.0,1.0,0.0,False,False,False,True,True,True,False,False,False,False,False,False,False,True,True,False,False,False,True,False,False,False,False,False,False,False,False,True,False,False,False,False,False,False,False,False,False,False,False,False,False,False,False,False,False,False,False,False,False,False,False,False,False,False,False,False,False,False,False,False,False,False,False,False,False,False,False,False,True,False,False,False,False,False,False,False,False,False,False,False,False,False,False,False,False,False,False,True,False,False,False,False,False,False,False,False,False,False,False,False,False,False,False,False,False,False,False,False,False,False,False,False,False,False,False
2022,"Northern Quoll, Digul [Gogo-Yimidir], Wijingadda [Dambimangari], Wiminji [Martu]",Dasyurus hallucatus,Endangered,4,Mammalia,525.0,Small,invertebrates,,nocturnal,2.0,0.0,3.0,False,True,False,False,False,False,True,True,True,False,False,False,False,False,False,False,False,False,False,False,True,False,False,False,False,True,False,True,False,False,False,False,False,False,False,False,False,False,False,False,False,False,False,False,False,False,False,False,False,False,False,False,False,False,False,False,False,False,False,False,False,False,False,False,False,False,False,False,False,False,False,False,False,False,False,False,False,False,False,False,False,False,False,False,False,False,False,False,False,True,False,False,False,False,False,False,False,False,False,False,False,False,False,False,False,False,False,False,False,False,False,False,False,True,False
2022,Orange Leaf-nosed Bat,Rhinonicteris aurantia,Present,4,Mammalia,8.77,Small,invertebrates,,nocturnal,1.0,0.0,2.0,False,True,False,False,False,False,True,True,False,False,False,False,False,False,False,False,False,False,False,False,False,False,False,False,False,True,True,False,True,False,False,False,False,False,False,False,False,False,False,False,True,False,False,False,False,False,False,True,False,False,False,False,False,False,False,False,False,False,False,False,False,False,False,False,False,False,False,False,False,False,False,False,False,False,False,False,False,False,False,False,False,False,False,False,False,False,True,False,False,False,False,False,False,False,False,False,False,False,False,False,False,False,False,False,False,False,False,False,False,False,True,False,False,False,False
2022,Providence Petrel,Pterodroma solandri,Present,4,Aves,468.64,Small,invertebrates,water_surface,non-nocturnal,2.0,1.0,0.0,False,True,False,True,True,True,False,False,False,False,False,False,False,True,False,True,False,False,False,False,False,False,False,False,False,False,False,True,False,False,False,False,False,False,False,False,False,False,False,False,False,False,False,False,False,False,False,False,False,False,False,False,False,False,False,False,False,False,False,False,False,False,False,False,False,False,False,False,False,False,False,False,False,False,False,False,False,False,False,False,False,False,False,False,False,False,False,True,False,False,False,False,False,False,False,False,False,False,False,False,False,False,False,False,False,False,False,False,False,False,False,False,False,False,False
2022,Purple-necked Rock-wallaby,Petrogale purpureicollis,Present,4,Mammalia,5850.0,Medium,other_plant,,nocturnal,1.0,0.0,1.0,False,False,False,False,False,False,True,False,False,False,False,False,False,False,False,False,False,False,False,False,True,False,False,False,False,False,True,False,False,False,False,False,False,False,False,False,False,False,False,False,False,False,False,False,False,False,False,False,False,False,False,False,False,False,False,False,False,False,False,False,False,False,False,False,False,False,False,False,False,False,False,False,False,False,False,True,False,False,False,False,False,False,False,False,False,False,False,False,False,False,False,False,False,False,False,False,False,False,False,False,False,False,False,False,False,False,False,False,False,False,False,False,False,False,False
2022,Red Goshawk,Erythrotriorchis radiatus,Endangered,4,Aves,887.35,Small,vert_warm,mid_high,non-nocturnal,1.0,1.0,0.0,False,False,False,False,True,False,False,False,False,False,False,False,False,False,False,False,False,False,False,False,False,False,False,False,False,False,False,True,False,False,False,False,False,False,False,False,False,False,True,False,False,False,False,False,False,False,False,False,False,False,False,False,False,False,False,False,False,False,False,False,False,False,False,False,False,False,False,False,False,False,False,False,False,False,False,False,False,False,False,False,False,False,False,False,False,False,False,False,False,False,False,False,False,False,False,False,False,False,False,False,False,False,False,False,False,False,False,False,False,False,False,False,False,False,False
2022,Sandhill Dunnart,Sminthopsis psammophila,Endangered,4,Mammalia,33.5,Small,invertebrates,,nocturnal,1.0,0.0,1.0,False,True,False,False,False,False,True,False,False,False,False,False,False,False,False,False,False,False,False,False,True,False,False,True,False,False,False,False,False,False,False,False,False,False,False,False,False,False,False,False,False,False,False,False,False,False,False,False,False,False,False,False,False,False,False,True,False,False,False,False,False,False,False,False,False,False,False,False,False,False,False,False,False,False,False,False,False,False,False,False,False,False,False,False,False,False,False,False,False,False,False,False,False,False,False,False,False,False,False,False,False,False,False,False,False,False,False,False,False,False,False,False,False,False,False
2022,Shy Albatross,Thalassarche cauta,Endangered,4,Aves,3897.7,Medium,invertebrates,water_surface,non-nocturnal,2.0,1.0,0.0,False,True,False,True,True,True,False,False,False,False,False,False,False,True,False,True,False,False,False,False,False,False,False,True,False,True,False,False,False,False,False,False,False,False,False,False,False,False,False,False,False,False,False,False,False,False,False,False,False,False,False,False,False,False,False,False,False,False,False,False,False,False,False,False,False,False,False,False,False,False,False,False,False,False,False,False,False,False,False,False,False,False,False,False,False,False,False,False,False,False,False,False,True,True,False,False,False,False,False,False,False,True,False,False,False,False,False,False,False,False,False,False,False,False,False
2022,Yellow Chat,Epthianura crocea,Present,4,Aves,9.3,Small,invertebrates,ground,non-nocturnal,1.0,2.0,0.0,False,True,False,False,True,False,False,False,False,False,False,True,True,False,False,False,False,True,False,False,False,False,False,False,True,False,True,False,False,False,False,False,False,False,False,False,False,False,False,False,False,False,False,True,False,False,False,False,False,False,False,False,False,False,False,False,False,False,False,False,False,False,False,False,False,False,False,False,False,False,False,False,False,False,False,False,False,False,False,False,False,False,False,False,False,False,False,False,False,False,False,True,False,False,False,False,False,False,False,False,False,False,False,False,False,False,False,False,False,False,True,False,False,False,False
2022,Black-naped Tern,Sterna sumatrana,Present,3,Aves,106.0,Small,fish,underwater,non-nocturnal,1.0,1.0,0.0,False,False,False,True,True,True,False,False,False,False,False,False,False,True,True,False,False,False,True,False,False,False,False,False,False,True,False,True,False,False,False,False,False,False,False,False,False,False,True,False,False,False,False,False,False,False,False,False,False,False,False,False,False,False,False,False,False,False,False,False,False,False,False,False,False,False,False,False,False,False,False,False,False,False,False,False,False,False,False,False,False,False,False,False,False,False,False,False,False,False,False,False,False,False,False,True,False,False,False,False,False,False,False,False,False,False,False,False,False,False,False,False,False,False,False
2022,Black-winged Monarch,Monarcha frater,Present,3,Aves,22.0,Small,invertebrates,mid_high,non-nocturnal,1.0,2.0,0.0,False,True,False,False,True,False,False,False,False,False,False,False,False,False,False,False,True,False,False,False,False,False,False,False,False,False,False,True,False,False,False,False,False,False,False,False,False,False,True,False,False,False,False,False,False,False,False,False,False,False,False,False,False,False,False,False,False,False,False,False,False,False,False,False,False,False,False,False,False,False,False,False,False,False,False,False,False,False,False,False,False,False,False,False,False,False,False,False,False,False,False,False,False,False,False,False,False,False,False,False,False,False,False,False,False,False,False,False,False,False,False,False,False,False,False
2022,"Chuditch, Western Quoll",Dasyurus geoffroii,Vulnerable,3,Mammalia,1100.0,Medium,invertebrates,,nocturnal,1.0,0.0,1.0,False,True,False,False,False,False,True,False,False,False,False,False,False,False,False,False,False,False,False,False,True,False,False,False,False,True,False,False,False,False,False,False,False,False,False,False,False,False,False,False,False,False,False,False,False,False,False,False,False,False,False,False,False,False,False,False,False,True,False,False,False,False,False,False,False,False,False,False,False,True,False,False,False,False,False,False,False,False,False,False,False,False,False,False,False,False,False,False,False,False,False,False,False,False,False,False,False,False,False,False,False,False,False,False,False,False,False,False,False,False,False,False,False,False,False
2022,"Common Dolphin, Short-beaked Common Dolphin",Delphinus delphis,Present,3,Mammalia,80000.0,Large,invertebrates,,nocturnal,1.0,0.0,2.0,False,True,False,False,False,False,True,True,False,False,False,False,False,False,False,False,False,False,False,False,False,False,False,False,False,True,False,False,False,False,False,False,False,False,False,False,False,False,False,False,False,False,False,False,False,False,False,False,False,False,False,False,False,False,False,False,False,True,False,False,False,False,False,False,False,False,False,False,False,False,False,False,False,False,False,False,False,False,False,False,False,False,False,False,False,False,False,False,False,False,False,False,False,True,False,False,False,False,False,False,False,False,False,False,False,False,True,False,False,False,False,False,False,False,False
2022,"Desert Mouse, Wildjin",Pseudomys desertor,Present,3,Mammalia,25.0,Small,other_plant,,nocturnal,2.0,0.0,1.0,False,False,False,False,False,False,True,False,False,False,False,False,False,False,False,False,False,False,False,False,False,False,False,False,True,False,False,False,False,False,False,False,False,False,False,False,False,False,False,False,False,False,False,True,False,False,False,False,False,False,False,False,False,False,False,False,False,False,False,False,False,False,True,False,False,False,False,False,False,False,False,False,False,False,False,False,False,False,False,False,False,False,False,False,False,False,False,False,False,False,False,False,False,False,False,False,False,False,False,False,False,False,False,False,False,False,False,False,False,False,False,False,False,False,False
2022,Eastern Long-eared Bat,Nyctophilus bifax,Present,3,Mammalia,9.89,Small,invertebrates,,nocturnal,1.0,0.0,1.0,False,True,False,False,True,False,True,False,False,False,False,False,False,False,False,False,False,False,False,False,False,True,False,False,False,True,False,True,False,False,False,False,False,False,False,False,False,False,False,False,False,True,False,False,False,False,False,False,False,False,False,False,False,False,False,False,False,False,False,False,False,False,False,False,False,False,False,False,False,False,False,False,False,False,False,False,False,False,False,False,False,False,False,False,False,False,False,False,False,False,False,False,False,False,False,True,False,False,False,False,False,False,False,False,False,False,False,False,False,False,False,False,False,True,False
2022,Fairy Prion,Pachyptila turtur,Present,3,Aves,137.0,Small,invertebrates,water_surface,non-nocturnal,1.0,2.0,0.0,False,True,False,False,True,True,False,False,False,False,False,False,False,True,True,True,False,False,False,False,False,False,False,True,False,False,False,False,False,False,False,False,False,False,False,False,False,False,False,False,False,False,False,False,False,False,False,False,False,False,False,False,False,False,False,False,False,False,False,False,False,False,False,False,False,False,False,False,False,False,False,False,False,False,False,False,False,False,False,False,False,False,False,False,False,False,False,False,False,False,False,False,True,False,False,False,False,False,False,False,False,False,False,False,False,False,False,False,False,False,False,False,False,False,False
2022,"Forrests Mouse, Anoola",Leggadina forresti,Present,3,Mammalia,20.0,Small,seed,,nocturnal,2.0,0.0,1.0,False,False,False,False,False,False,True,False,False,False,False,False,False,False,False,False,False,False,False,False,False,False,False,False,True,False,False,False,False,False,False,False,False,False,False,False,True,False,False,False,False,False,False,False,False,False,False,False,False,False,False,False,False,False,False,False,False,False,False,False,False,False,False,False,False,False,False,False,False,False,False,False,False,False,False,False,False,False,False,False,False,False,False,False,False,False,False,False,False,False,False,False,False,False,False,False,False,False,False,False,False,False,False,False,False,False,False,False,False,False,False,False,False,False,False
2022,Grey Plover,Pluvialis squatarola,Vulnerable,3,Aves,250.0,Small,invertebrates,ground,non-nocturnal,1.0,1.0,0.0,False,True,False,False,True,False,False,False,False,False,False,True,True,False,False,False,False,False,False,False,False,False,False,False,True,True,False,True,False,False,False,False,False,False,False,False,False,False,False,False,False,False,False,False,False,False,False,False,True,False,False,False,False,False,False,False,False,False,False,False,False,False,False,False,False,False,False,False,False,True,False,False,False,False,False,False,False,False,False,False,False,False,False,False,False,False,False,False,False,False,False,False,False,False,False,False,False,False,False,False,False,False,False,False,False,False,False,False,False,False,False,False,False,True,False
2022,"Little Curlew, Little Whimbrel",Numenius minutus,Present,3,Aves,173.0,Small,invertebrates,ground,non-nocturnal,1.0,1.0,0.0,False,True,False,False,True,False,False,False,False,False,False,True,True,False,False,False,False,False,True,False,False,False,False,False,False,True,True,True,False,False,False,False,False,False,False,False,False,False,True,False,False,False,False,False,False,False,False,False,False,False,False,False,False,False,False,False,False,False,False,False,False,False,False,False,False,False,False,False,False,False,False,False,False,False,False,True,False,False,False,False,False,False,False,False,False,False,False,False,False,False,False,False,False,False,False,True,False,False,False,False,False,False,False,False,False,False,False,False,False,False,False,False,False,False,False
2022,"Noisy Scrub-bird, Tjimiluk",Atrichornis clamosus,Endangered,3,Aves,42.15,Small,invertebrates,ground,non-nocturnal,1.0,2.0,0.0,False,True,False,False,True,False,False,False,False,False,False,True,True,False,False,False,False,True,False,False,False,False,False,False,False,True,False,False,False,False,False,False,False,False,False,False,False,False,False,False,False,False,False,False,False,False,False,False,False,False,False,False,False,False,True,False,False,False,False,False,False,False,False,False,False,False,False,False,False,True,False,False,False,False,False,False,False,False,False,False,False,False,False,False,False,False,False,False,False,False,False,False,False,False,False,False,False,False,False,False,False,False,False,False,False,False,False,False,False,False,False,False,False,False,False
2022,Southern Elephant Seal,Mirounga leonina,Vulnerable,3,Mammalia,1600000.0,Very Large,invertebrates,,diurnal,2.0,0.0,2.0,False,True,False,True,False,False,False,True,False,False,False,False,False,False,False,False,False,False,False,False,False,False,False,True,False,True,False,False,False,False,False,False,False,False,False,False,False,False,False,False,False,False,False,False,False,False,False,False,False,False,False,False,False,False,False,False,False,False,False,False,False,False,False,False,False,False,False,False,False,False,False,False,False,False,False,False,False,False,False,False,False,False,True,False,False,False,False,False,False,False,False,False,True,False,True,False,False,False,False,False,False,False,False,False,False,False,False,False,False,False,False,False,False,False,False
2022,Southern Hairy-nosed Wombat,Lasiorhinus latifrons,Present,3,Mammalia,25500.0,Large,other_plant,,nocturnal,1.0,0.0,1.0,False,False,False,False,False,False,True,False,False,False,False,False,False,False,False,False,False,False,False,False,True,False,False,False,False,False,True,False,False,False,False,False,False,False,False,False,False,False,False,False,False,False,False,False,False,False,False,False,False,False,False,False,False,False,False,False,False,False,False,False,False,False,False,False,False,False,False,False,False,False,False,False,False,False,False,False,False,False,True,False,False,False,False,False,False,False,False,False,False,False,False,False,False,False,False,False,False,False,False,False,False,False,False,False,False,False,False,False,False,False,False,False,False,False,False
2022,Tasmanian Devil,Sarcophilus harrisii,Endangered,3,Mammalia,10000.0,Large,scavenge,,nocturnal,1.0,0.0,1.0,False,False,False,False,False,False,True,False,False,False,False,False,False,False,False,False,False,False,False,False,True,False,True,False,False,False,False,False,False,False,False,False,False,True,False,False,False,False,False,False,False,False,False,False,False,False,False,False,False,False,False,False,False,False,False,False,False,False,False,False,False,False,False,False,False,False,False,False,False,False,False,False,False,False,False,False,False,False,False,False,False,False,False,False,False,False,False,False,False,False,False,False,False,False,False,False,False,False,False,False,False,False,False,True,False,False,False,True,False,False,False,False,False,False,False
2022,Antipodean Albatross,Diomedea antipodensis,Vulnerable,2,Aves,6961.29,Medium,invertebrates,water_surface,non-nocturnal,1.0,1.0,0.0,False,True,False,False,True,True,False,False,False,False,False,False,False,True,False,True,False,False,True,False,False,False,False,False,False,True,False,False,False,False,False,False,False,False,False,False,False,False,False,False,False,False,False,False,False,False,False,False,False,False,False,False,False,False,False,False,False,False,False,False,False,False,False,False,False,False,False,False,False,False,False,False,False,False,False,False,False,False,False,False,False,False,False,False,False,False,False,False,False,False,False,False,False,False,False,False,False,False,False,False,False,True,False,False,False,False,False,False,False,False,False,False,False,False,False
2022,Barn Swallow,Hirundo rustica,Present,2,Aves,17.91,Small,invertebrates,mid_high,non-nocturnal,1.0,3.0,0.0,False,True,False,False,True,False,False,False,False,False,False,False,True,False,False,False,False,True,False,True,False,False,False,False,False,True,False,False,False,False,False,False,False,False,False,False,False,False,False,False,False,False,False,False,False,False,False,False,False,False,False,False,False,False,False,False,False,False,False,False,False,False,False,False,False,False,False,False,False,False,False,False,False,False,False,False,False,False,False,False,False,False,False,False,False,False,False,False,False,False,False,False,False,False,False,True,False,False,False,False,False,False,False,False,False,False,False,False,False,False,False,False,False,False,False
2022,Bennett's Tree-kangaroo,Dendrolagus bennettianus,Present,2,Mammalia,10950.0,Large,fruit,,nocturnal,2.0,0.0,3.0,False,False,True,False,False,False,True,True,True,False,False,False,False,False,False,False,False,False,False,False,True,False,False,False,False,False,False,True,False,False,False,False,False,False,False,False,False,False,False,False,False,False,False,False,False,False,False,False,False,False,False,False,False,False,False,False,False,False,False,False,False,False,False,False,False,False,False,False,False,False,False,False,False,False,False,False,False,False,False,False,False,False,False,False,False,False,False,False,False,False,False,False,False,False,False,False,False,False,False,False,False,False,False,False,False,False,False,False,False,False,False,False,False,True,False
2022,Carpentarian Grasswren,Amytornis dorotheae,Endangered,2,Aves,23.22,Small,invertebrates,ground,non-nocturnal,2.0,1.0,0.0,True,True,False,False,True,False,False,False,False,False,False,True,True,False,False,False,False,False,False,False,False,False,False,True,False,False,True,False,False,False,False,False,False,False,False,False,False,False,False,False,False,False,False,False,False,False,False,False,False,False,False,False,False,False,False,False,False,False,False,False,False,False,False,False,True,False,False,False,False,False,False,False,False,False,False,True,False,False,False,False,False,False,False,False,False,False,False,False,False,False,False,False,False,False,False,False,False,False,False,False,False,False,False,False,False,False,False,False,False,False,False,False,False,False,False
2022,"Fawn Hopping-mouse, Ooarri",Notomys cervinus,Present,2,Mammalia,35.0,Small,fruit,,nocturnal,3.0,0.0,1.0,False,False,True,False,False,False,True,False,False,False,False,False,False,False,False,False,False,False,False,False,False,False,False,False,True,False,False,False,False,False,False,False,False,False,False,False,False,False,False,False,False,False,False,True,False,False,False,False,False,False,False,False,False,False,False,False,False,False,False,False,False,False,False,False,False,False,False,False,False,False,False,False,False,False,False,False,False,False,False,False,False,False,False,False,False,False,False,False,False,False,False,False,False,False,False,False,False,False,False,False,False,False,False,False,False,False,False,False,False,False,False,False,False,False,False
2022,"Greater Sand Plover, Large Sand Plover",Charadrius leschenaultii,Vulnerable,2,Aves,74.8,Small,invertebrates,ground,non-nocturnal,1.0,1.0,0.0,False,True,False,False,True,False,False,False,False,False,False,True,True,False,False,False,False,False,True,False,False,False,False,False,True,False,False,True,False,False,False,False,False,False,False,False,False,False,False,False,False,False,False,False,False,False,False,False,False,False,False,False,False,False,False,False,False,False,False,False,False,False,False,False,False,False,False,False,False,False,False,False,False,False,False,False,False,False,False,False,False,False,False,False,True,False,False,False,False,False,False,False,False,False,False,False,False,False,False,False,False,False,False,False,False,False,False,False,False,False,False,False,False,True,False
2022,"Killer Whale, Orca",Orcinus orca,Present,2,Mammalia,4300000.0,Very Large,vert_warm,,nocturnal,3.0,0.0,3.0,False,True,False,True,False,False,True,True,True,False,False,False,False,False,False,False,False,False,False,False,False,False,False,False,True,True,False,False,False,False,False,False,False,False,False,False,False,False,False,True,False,False,False,False,False,False,False,False,False,False,False,False,False,False,False,False,False,False,False,False,False,False,False,False,False,False,False,False,False,False,False,False,False,False,False,False,False,False,False,True,False,False,False,False,False,False,False,False,False,False,False,False,False,False,False,False,False,False,False,False,False,False,False,False,False,False,False,False,False,False,False,False,False,False,False
2022,"Lesser Sand Plover, Mongolian Plover",Charadrius mongolus,Endangered,2,Aves,64.0,Small,invertebrates,ground,non-nocturnal,1.0,2.0,0.0,False,True,False,False,True,True,False,False,False,False,False,True,True,True,False,True,False,False,False,False,False,False,False,False,False,True,False,True,False,False,False,False,False,False,False,False,False,False,False,False,False,False,False,False,False,False,False,False,False,False,False,False,False,False,False,False,False,False,False,False,False,False,False,False,False,False,False,False,False,False,False,False,False,False,False,False,False,False,False,False,False,False,False,False,False,False,False,False,False,False,False,False,False,False,False,True,False,False,False,False,False,False,False,False,False,False,False,False,False,False,False,False,False,True,False
2022,Orange-bellied Parrot,Neophema chrysogaster,Critically Endangered,2,Aves,45.9,Small,seed,ground,non-nocturnal,1.0,2.0,0.0,False,False,False,False,True,False,False,False,False,False,False,True,True,False,False,False,False,True,False,False,False,False,False,True,False,False,False,False,False,False,False,False,False,False,False,False,False,False,False,False,False,False,False,False,False,False,False,False,False,False,False,False,False,False,False,False,False,False,False,False,False,False,False,False,False,False,False,False,False,False,False,False,False,False,False,False,False,False,False,False,False,False,False,False,False,False,False,False,False,False,False,False,True,False,False,False,False,False,False,False,False,False,False,False,False,False,False,False,False,False,False,False,False,False,False
2022,Pygmy Sperm Whale,Kogia breviceps,Present,2,Mammalia,431500.0,Very Large,invertebrates,,nocturnal,1.0,0.0,3.0,False,True,False,False,False,False,True,True,True,False,False,False,False,False,False,False,False,False,False,False,False,False,False,False,False,True,False,False,False,False,False,False,False,False,False,False,False,False,False,False,False,False,False,False,False,False,False,False,False,False,False,False,False,False,False,False,False,True,False,False,False,False,False,False,False,False,False,False,False,False,False,False,False,False,False,False,False,False,False,False,False,False,False,False,False,False,False,False,False,False,False,False,False,False,True,False,False,False,False,False,False,False,False,False,False,False,False,False,False,False,False,False,False,False,False
2022,Roseate Tern,Sterna dougallii,Present,2,Aves,112.0,Small,fish,underwater,non-nocturnal,1.0,1.0,0.0,False,False,False,True,True,True,False,False,False,False,False,False,False,True,True,False,False,False,True,False,False,False,False,False,True,True,False,False,False,False,False,False,False,False,False,False,False,False,False,True,False,False,False,False,False,False,False,False,False,False,False,False,False,False,False,False,False,False,False,False,False,False,False,False,False,False,False,False,False,False,False,False,False,False,False,False,False,False,False,False,False,False,False,False,False,False,False,False,False,False,False,False,False,False,False,False,False,False,False,False,True,False,False,False,False,False,False,False,False,False,False,False,False,False,False
2022,Yellow-footed Rock-wallaby,Petrogale xanthopus,Present,2,Mammalia,8500.0,Medium,other_plant,,nocturnal,1.0,0.0,1.0,False,False,False,False,False,False,True,False,False,False,False,False,False,False,False,False,False,False,False,False,True,False,False,False,True,True,False,False,False,False,False,False,False,False,False,False,True,False,False,False,False,False,False,False,False,False,False,False,False,False,False,False,False,False,False,False,False,True,False,False,False,False,False,False,False,False,False,False,False,False,False,False,False,False,False,False,False,False,False,False,False,False,False,False,False,False,False,False,False,False,False,False,False,False,False,False,False,False,False,False,False,False,False,False,False,False,False,False,False,False,False,False,False,False,False
2022,Black-breasted Button-quail,Turnix melanogaster,Vulnerable,1,Aves,87.06,Small,invertebrates,ground,non-nocturnal,2.0,1.0,0.0,True,True,False,False,True,False,False,False,False,False,False,True,True,False,False,False,False,False,False,False,False,False,False,False,False,True,False,False,False,False,False,False,False,False,False,False,False,False,False,False,False,False,False,False,False,False,False,False,False,False,False,False,False,False,False,False,False,False,False,False,False,False,False,False,False,False,False,False,False,False,False,False,False,False,False,False,False,False,False,False,False,False,False,False,False,False,False,False,False,False,False,False,False,False,False,True,False,False,False,False,False,False,False,False,False,False,False,False,False,False,False,False,False,False,False
2022,Black-eared Miner,Manorina melanotis,Endangered,1,Aves,54.0,Small,invertebrates,ground,non-nocturnal,1.0,1.0,0.0,False,True,False,False,True,False,False,False,False,False,False,False,True,False,False,False,False,False,False,False,False,False,False,False,False,False,True,False,False,False,False,False,False,False,False,False,False,False,False,False,False,False,False,False,False,False,False,False,False,False,False,False,False,False,False,False,False,False,False,False,False,False,False,False,False,False,False,False,False,False,False,False,False,False,False,False,False,False,True,False,False,False,False,False,False,False,False,False,False,False,False,False,False,False,False,False,False,False,False,False,False,False,False,False,False,False,False,False,False,False,False,False,False,False,False
2022,"Black-footed Tree-rat, Djintamoonga",Mesembriomys gouldii,Present,1,Mammalia,716.5,Small,nectar,,nocturnal,1.0,0.0,1.0,False,False,False,False,False,False,True,False,False,False,False,False,False,False,False,False,False,False,False,False,False,False,False,True,False,False,False,False,False,False,False,False,False,False,False,False,False,False,False,False,False,False,False,False,False,False,False,False,False,False,True,False,False,False,False,False,False,False,False,False,False,False,False,False,False,False,False,False,False,False,False,False,False,False,False,False,False,False,False,False,False,False,False,False,False,False,False,False,False,False,False,False,False,False,False,False,False,False,False,False,False,False,False,False,False,False,False,False,False,False,False,False,False,False,False
2022,Black-winged Petrel,Pterodroma nigripennis,Present,1,Aves,173.65,Small,invertebrates,water_surface,non-nocturnal,1.0,1.0,0.0,False,True,False,False,True,True,False,False,False,False,False,False,False,True,False,True,False,False,True,False,False,False,False,False,False,False,False,True,False,False,False,False,False,False,False,False,False,False,False,False,False,False,False,False,False,False,False,False,False,False,False,False,False,False,False,False,False,False,False,False,False,False,False,False,False,False,False,False,False,False,False,False,False,False,False,False,False,False,False,False,False,False,False,False,False,False,False,True,False,False,False,False,False,False,False,False,False,False,False,False,False,False,False,False,False,False,False,False,False,False,False,False,False,False,False
2022,"Blainville's Beaked Whale, Dense-beaked Whale",Mesoplodon densirostris,Present,1,Mammalia,2300000.0,Very Large,invertebrates,,nocturnal,1.0,0.0,3.0,False,True,False,False,False,False,True,True,True,False,False,False,False,False,False,False,False,False,False,False,False,False,False,False,False,True,False,False,False,False,False,False,False,False,False,False,False,False,False,False,False,False,False,False,False,False,False,False,False,False,False,False,False,False,False,False,False,False,False,False,False,False,False,False,False,False,False,False,False,False,False,False,False,False,False,False,False,False,False,False,False,False,False,False,False,False,False,False,False,False,False,False,False,False,False,False,False,False,False,False,False,True,False,False,False,False,False,False,False,False,False,False,False,False,False
2022,"Canefield Rat, Minkala",Rattus sordidus,Present,1,Mammalia,157.5,Small,seed,,nocturnal,2.0,0.0,1.0,True,True,False,False,False,False,True,False,False,False,False,False,False,False,False,False,False,False,False,False,False,False,False,False,False,False,False,True,False,False,False,False,False,False,False,False,False,False,False,False,False,False,False,False,False,False,False,False,False,False,False,False,False,False,False,False,False,False,False,False,False,False,False,False,False,False,False,False,False,False,False,False,False,False,False,False,False,False,False,False,False,False,False,False,False,False,False,False,False,False,False,False,False,False,False,False,False,False,False,False,False,False,False,False,False,False,False,False,False,False,False,False,False,True,False
2022,"Coastal Sheath-tailed Bat, North-eastern Sheathtail-bat",Taphozous australis,Present,1,Mammalia,22.9,Small,invertebrates,,nocturnal,1.0,0.0,2.0,False,True,False,False,False,False,True,True,False,False,False,False,False,False,False,False,False,False,False,False,False,False,False,False,False,False,False,True,False,False,False,False,False,False,False,False,False,False,False,False,False,False,False,False,False,False,False,False,False,False,False,False,False,False,False,False,False,False,False,False,False,False,False,False,False,False,False,False,False,False,False,False,False,False,False,False,False,False,False,False,False,False,False,False,False,False,False,False,False,False,False,False,False,False,False,False,False,False,False,False,False,False,False,False,False,False,False,False,False,False,False,False,False,True,False
2022,Common Diving-Petrel,Pelecanoides urinatrix,Present,1,Aves,152.06,Small,invertebrates,underwater,non-nocturnal,1.0,1.0,0.0,False,True,False,False,True,True,False,False,False,False,False,False,False,True,True,False,False,False,True,False,False,False,False,False,False,True,False,False,False,False,False,False,False,False,False,False,False,False,False,False,False,False,False,False,False,False,False,False,False,False,False,False,False,False,False,False,False,False,False,False,False,False,False,False,False,False,False,False,False,False,False,False,False,False,False,False,False,False,False,False,False,False,False,False,False,False,False,False,False,False,False,False,False,False,False,False,False,False,False,False,False,False,False,False,False,False,True,False,False,False,False,False,False,False,False
2022,Dwarf Sperm Whale,Kogia sima,Present,1,Mammalia,183066.66,Very Large,invertebrates,,nocturnal,1.0,0.0,3.0,False,True,False,False,False,False,True,True,True,False,False,False,False,False,False,False,False,False,False,False,False,False,False,False,False,True,False,False,False,False,False,False,False,False,False,False,False,False,False,False,False,False,False,False,False,False,False,False,False,False,False,False,False,False,False,False,False,False,False,False,False,False,False,False,False,False,False,False,False,False,False,False,False,False,False,False,False,False,False,True,False,False,False,False,False,False,False,False,False,False,False,False,False,False,False,False,False,False,False,False,False,False,False,False,False,False,False,False,False,False,False,False,False,False,False
2022,Eastern Hare-wallaby,Lagorchestes leporides,Extinct,1,Mammalia,3000.0,Medium,other_plant,,nocturnal,1.0,0.0,1.0,False,False,False,False,False,False,True,False,False,False,False,False,False,False,False,False,False,False,False,False,True,False,False,False,False,True,False,False,False,False,False,False,False,False,False,False,False,False,False,False,False,False,False,False,False,False,False,False,False,False,False,False,False,False,False,False,False,False,False,False,False,False,False,False,False,False,False,False,False,False,False,False,False,False,False,False,False,False,False,False,False,True,False,False,False,False,False,False,False,False,False,False,False,False,False,False,False,False,False,False,False,False,False,False,False,False,False,False,False,False,False,False,False,False,False
2022,Hoary  Wattled Bat,Chalinolobus nigrogriseus,Present,1,Mammalia,8.8,Small,invertebrates,,nocturnal,1.0,0.0,1.0,False,True,False,False,True,False,True,False,False,False,False,False,False,False,False,False,False,False,False,False,False,True,False,False,False,False,True,False,False,False,False,False,False,False,False,False,False,False,False,False,False,False,False,False,False,False,False,False,False,False,False,False,True,False,False,False,False,False,False,False,False,False,False,False,False,False,False,False,False,False,False,False,False,False,False,False,False,False,False,False,False,False,False,False,False,False,False,False,False,False,False,False,False,False,False,False,False,False,False,False,False,False,False,False,False,False,False,False,False,False,False,False,False,False,False
2022,Leopard Seal,Hydrurga leptonyx,Present,1,Mammalia,360000.0,Very Large,invertebrates,,diurnal,1.0,0.0,2.0,False,True,False,False,False,False,False,True,False,False,False,False,False,False,False,False,False,False,False,False,False,False,False,False,False,True,False,False,False,False,False,False,False,False,False,False,False,False,False,False,False,False,False,False,False,False,False,False,False,False,False,False,False,False,False,False,False,False,False,False,False,False,False,False,False,False,False,False,False,False,False,False,False,False,False,False,False,False,False,False,False,False,False,False,False,False,False,False,False,False,False,False,False,False,False,False,False,False,False,False,False,False,False,False,False,True,False,False,False,False,False,False,False,False,False
2022,Little Shearwater,Puffinus assimilis,Present,1,Aves,226.0,Small,invertebrates,underwater,non-nocturnal,2.0,1.0,0.0,False,True,False,True,True,True,False,False,False,False,False,False,False,True,True,False,False,False,False,False,False,False,False,False,False,True,False,False,False,False,False,False,False,False,False,False,False,False,False,False,False,False,False,False,False,False,False,False,False,False,False,False,False,False,False,False,False,False,False,False,False,False,False,False,False,False,False,False,False,False,False,False,False,False,False,False,False,False,False,False,False,False,False,False,False,False,False,False,False,False,False,False,False,False,False,False,False,False,False,False,True,False,False,False,False,False,False,False,False,False,False,False,False,False,False
2022,Long-tailed Dunnart,Sminthopsis longicaudata,Present,1,Mammalia,18.0,Small,invertebrates,,nocturnal,1.0,0.0,1.0,False,True,False,False,False,False,True,False,False,False,False,False,False,False,False,False,False,False,False,False,True,False,False,False,False,False,True,False,False,False,False,False,False,False,False,False,False,False,False,False,False,False,False,False,False,False,False,False,False,False,False,False,False,False,False,False,False,False,False,False,False,False,False,False,False,False,False,False,False,False,False,False,False,False,False,False,False,True,False,False,False,False,False,False,False,False,False,False,False,False,False,False,False,False,False,False,False,False,False,False,False,False,False,False,False,False,False,False,False,False,False,False,False,False,False
2022,Mahogany Glider,Petaurus gracilis,Endangered,1,Mammalia,353.0,Small,invertebrates,,nocturnal,2.0,0.0,1.0,True,True,False,False,False,False,True,False,False,False,False,False,False,False,False,False,False,False,False,False,True,False,False,False,False,False,False,True,False,False,False,False,False,False,False,False,False,False,False,False,False,False,False,False,False,False,False,False,False,False,False,False,False,False,False,False,False,False,False,False,False,False,False,False,False,False,False,False,False,False,False,False,False,False,False,False,False,False,False,False,False,False,False,False,False,False,False,False,False,False,False,False,False,False,False,False,False,False,False,False,False,False,False,False,False,False,False,False,False,False,False,False,False,True,False
2022,Paucident Planigale,Planigale gilesi,Present,1,Mammalia,9.2,Small,invertebrates,,nocturnal,3.0,0.0,3.0,False,True,False,False,False,False,True,True,True,False,False,False,False,False,False,False,False,False,False,False,True,False,False,False,False,False,True,False,False,False,False,False,False,False,False,False,False,False,False,False,False,False,False,False,False,False,False,False,False,False,False,False,False,False,False,False,False,False,False,False,False,False,False,False,False,False,False,False,False,False,False,False,False,False,False,False,False,False,False,False,False,False,False,False,False,False,False,False,False,False,False,False,False,False,False,False,False,True,False,False,False,False,False,False,False,False,False,False,False,False,False,False,False,False,False
2022,Red-footed Booby,Sula sula,Present,1,Aves,1031.1,Medium,invertebrates,underwater,non-nocturnal,2.0,1.0,0.0,False,True,False,True,True,True,False,False,False,False,False,False,False,True,True,False,False,False,False,False,False,False,False,False,False,False,False,True,False,False,False,False,False,False,False,False,False,False,False,False,False,False,False,False,False,False,False,False,False,False,False,False,False,False,False,False,False,False,False,False,False,False,False,False,False,False,False,False,True,False,False,False,False,False,False,False,False,False,False,False,False,False,False,False,False,False,False,False,False,False,False,False,False,False,False,False,False,False,False,False,False,False,False,False,False,False,False,False,False,False,False,False,False,False,False
2022,"Southern Giant-Petrel, Southern Giant Petrel",Macronectes giganteus,Endangered,1,Aves,3591.69,Medium,vertebrate_unknown,ground,non-nocturnal,1.0,2.0,0.0,False,False,False,False,True,True,False,False,False,False,False,True,True,True,False,True,False,False,False,False,False,False,False,True,False,False,False,False,False,False,False,False,False,False,False,False,False,False,False,False,False,False,False,False,False,False,False,False,False,False,False,False,False,False,False,False,False,False,False,False,False,False,False,False,False,False,False,False,False,False,False,False,False,False,False,False,False,False,False,False,False,False,False,False,False,False,False,False,False,False,False,False,True,False,False,False,False,False,False,False,False,False,False,False,False,False,False,False,False,False,False,False,False,False,False
2022,"Strap-toothed Beaked Whale, Strap-toothed Whale, Layard's Beaked Whale",Mesoplodon layardii,Present,1,Mammalia,1500000.0,Very Large,invertebrates,,nocturnal,1.0,0.0,3.0,False,True,False,False,False,False,True,True,True,False,False,False,False,False,False,False,False,False,False,False,False,False,False,False,False,True,False,False,False,False,False,False,False,False,False,False,False,False,False,False,False,False,False,False,False,False,False,False,False,False,False,False,False,False,False,False,False,False,False,False,False,False,False,False,False,False,False,False,False,False,False,False,False,False,False,False,False,False,False,False,False,False,False,False,False,False,False,False,False,False,False,False,False,False,False,False,False,False,False,False,False,True,False,False,False,False,False,False,False,False,False,False,False,False,False
2022,Subantarctic Fur-seal,Arctocephalus tropicalis,Endangered,1,Mammalia,84000.0,Large,invertebrates,,nocturnal,2.0,0.0,2.0,False,True,False,True,False,False,True,True,False,False,False,False,False,False,False,False,False,False,False,False,False,False,False,False,False,True,False,False,False,False,False,False,False,False,False,False,False,False,False,False,False,False,False,False,False,False,False,False,False,False,False,False,False,False,False,False,False,False,False,False,False,False,False,False,False,False,False,False,False,False,True,False,False,False,False,False,False,False,False,False,False,False,False,False,False,False,False,False,False,False,False,False,False,False,False,False,False,False,False,False,False,False,False,False,False,False,False,False,False,False,False,False,False,False,False
2022,Western Bristlebird,Dasyornis longirostris,Endangered,1,Aves,32.7,Small,invertebrates,ground,non-nocturnal,2.0,1.0,0.0,True,True,False,False,True,False,False,False,False,False,False,True,True,False,False,False,False,False,False,False,False,False,False,False,False,True,False,False,False,False,False,False,False,False,False,False,False,False,False,False,False,False,False,False,False,False,False,False,False,False,False,False,False,False,True,False,False,False,False,False,False,False,False,False,False,False,False,False,False,False,False,False,False,False,False,False,False,False,False,False,False,False,False,False,False,False,False,False,False,False,False,False,False,False,False,False,False,False,False,False,False,False,False,False,False,False,False,False,False,False,False,False,False,False,False
2022,White-faced Storm-Petrel,Pelagodroma marina,Present,1,Aves,47.2,Small,invertebrates,water_surface,non-nocturnal,2.0,1.0,0.0,False,True,False,True,True,True,False,False,False,False,False,False,False,True,False,True,False,False,False,False,False,False,False,False,False,True,False,False,False,False,False,False,False,False,False,False,False,False,False,False,False,False,False,False,False,False,False,False,False,False,False,False,False,False,False,False,False,False,False,False,False,False,False,False,False,False,False,False,False,False,False,False,False,False,False,False,False,False,False,True,False,False,False,False,False,False,False,False,False,False,False,False,False,False,False,False,False,False,False,False,False,False,False,False,False,False,False,False,False,False,False,False,False,False,False
2022,White-tailed Tropicbird,Phaethon lepturus,Present,1,Aves,328.04,Small,fish,underwater,non-nocturnal,2.0,1.0,0.0,False,True,False,True,True,True,False,False,False,False,False,False,False,True,True,False,False,False,False,False,False,False,False,False,False,False,False,True,False,False,False,False,False,False,False,False,False,False,False,False,False,False,False,False,False,False,False,False,False,False,False,False,False,False,False,False,False,False,False,False,False,False,False,False,False,False,False,False,True,False,False,False,False,False,False,False,False,False,False,False,False,False,False,False,False,False,False,False,False,False,False,False,False,False,False,False,False,False,False,False,False,False,False,False,False,False,False,False,False,False,False,False,False,False,False
2022,"Wopilkara, Greater Stick-nest Rat",Leporillus conditor,Vulnerable,1,Mammalia,350.0,Small,other_plant,,nocturnal,1.0,0.0,1.0,False,False,False,False,False,False,True,False,False,False,False,False,False,False,False,False,False,False,False,False,False,False,False,False,False,False,True,False,False,False,False,False,False,False,False,False,False,False,False,False,False,False,False,False,False,False,False,False,False,False,False,False,False,False,False,False,False,False,False,False,False,False,False,False,False,False,False,False,False,False,False,False,False,False,False,False,False,False,True,False,False,False,False,False,False,False,False,False,False,False,False,False,False,False,False,False,False,False,False,False,False,False,False,False,False,False,False,False,False,False,False,False,False,False,False
